2026-09-23 20:15:48,298 [INFO] Activator:177 - 


2026-09-23 20:15:48,298 [INFO] Activator:178 - !SESSION log4j initialized
2026-09-23 20:15:53,954 [ERROR] LogOutputStream:74 - [STDERR_REDIRECT] [Fatal Error] :1:1: Premature end of file.
2026-09-23 20:15:53,954 [ERROR] LogOutputStream:74 - [STDERR_REDIRECT] 
2026-09-23 20:15:54,912 [ERROR] LogOutputStream:74 - [STDERR_REDIRECT] [Fatal Error] :1:1: Premature end of file.
2026-09-23 20:15:54,912 [ERROR] LogOutputStream:74 - [STDERR_REDIRECT] 
2026-09-23 20:15:55,938 [ERROR] LogOutputStream:74 - [STDERR_REDIRECT] [Fatal Error] :1:1: Premature end of file.
2026-09-23 20:15:55,938 [ERROR] LogOutputStream:74 - [STDERR_REDIRECT] 
2026-09-23 20:15:56,927 [ERROR] LogOutputStream:74 - [STDERR_REDIRECT] [Fatal Error] :1:1: Premature end of file.
2026-09-23 20:15:56,927 [ERROR] LogOutputStream:74 - [STDERR_REDIRECT] 
2026-09-23 20:15:57,913 [ERROR] LogOutputStream:74 - [STDERR_REDIRECT] [Fatal Error] :1:1: Premature end of file.
2026-09-23 20:15:57,913 [ERROR] LogOutputStream:74 - [STDERR_REDIRECT] 
2026-09-23 20:15:58,922 [ERROR] LogOutputStream:74 - [STDERR_REDIRECT] [Fatal Error] :1:1: Premature end of file.
2026-09-23 20:15:58,922 [ERROR] LogOutputStream:74 - [STDERR_REDIRECT] 
2026-09-23 20:15:59,917 [ERROR] LogOutputStream:74 - [STDERR_REDIRECT] [Fatal Error] :1:1: Premature end of file.
2026-09-23 20:15:59,917 [ERROR] LogOutputStream:74 - [STDERR_REDIRECT] 
2026-09-23 20:16:00,895 [ERROR] LogOutputStream:74 - [STDERR_REDIRECT] [Fatal Error] :1:1: Premature end of file.
2026-09-23 20:16:00,895 [ERROR] LogOutputStream:74 - [STDERR_REDIRECT] 
2026-09-23 20:16:01,168 [INFO] McuFinderGlobals:39 - Set McuFinder mode to 2 (CubeIDE integrated)
2026-09-23 20:16:01,311 [INFO] ApplicationProperties:181 - Using Application install path: D:\VXL\STM32CubeIDE_1.7.0\STM32CubeIDE\plugins\com.st.stm32cube.common.mx_6.3.0.202107141111
2026-09-23 20:16:01,311 [INFO] DbMcusXml:74 - Set database path to: D:\VXL\STM32CubeIDE_1.7.0\STM32CubeIDE\plugins\com.st.stm32cube.common.mx_6.3.0.202107141111\\db\/mcu/
2026-09-23 20:16:01,327 [INFO] DbBoardsPdsc:56 - Set plugin database path to: D:\VXL\STM32CubeIDE_1.7.0\STM32CubeIDE\plugins\com.st.stm32cube.common.mx_6.3.0.202107141111\\db\/plugins/boardmanager/
2026-09-23 20:16:01,327 [INFO] DbMcus:258 - Set plugin images path to: D:\VXL\STM32CubeIDE_1.7.0\STM32CubeIDE\plugins\com.st.stm32cube.common.mx_6.3.0.202107141111\\db\/plugins/mcufinder/images/
2026-09-23 20:16:01,327 [INFO] DbBoards:264 - Set plugin images path to: D:\VXL\STM32CubeIDE_1.7.0\STM32CubeIDE\plugins\com.st.stm32cube.common.mx_6.3.0.202107141111\\db\/plugins/mcufinder/images/
2026-09-23 20:16:01,327 [INFO] DbExamples:333 - Set plugin images path to: D:\VXL\STM32CubeIDE_1.7.0\STM32CubeIDE\plugins\com.st.stm32cube.common.mx_6.3.0.202107141111\\db\/plugins/mcufinder/images/
2026-09-23 20:16:01,327 [INFO] DbMcusAds:119 - Set database path to: C:\Users\DELL\.stmcufinder\plugins\mcufinder//mcu/
2026-09-23 20:16:01,327 [INFO] DbMcusDocs:110 - Set database path to: C:\Users\DELL\.stmcufinder\plugins\mcufinder//mcu/
2026-09-23 20:16:01,327 [INFO] DbMcusJson:64 - Set database path to: C:\Users\DELL\.stmcufinder\plugins\mcufinder//mcu/
2026-09-23 20:16:01,327 [INFO] DbBoardsDocs:110 - Set database path to: C:\Users\DELL\.stmcufinder\plugins\mcufinder//mcu/
2026-09-23 20:16:01,327 [INFO] DbBoardsJson:57 - Set database path to: C:\Users\DELL\.stmcufinder\plugins\mcufinder//mcu/
2026-09-23 20:16:01,327 [INFO] CrossReferenceDbSqlite:196 - Set database path to: C:\Users\DELL\.stmcufinder\plugins\mcufinder//mcu/cs/
2026-09-23 20:16:01,327 [INFO] DbExamplesSqlite:767 - Set database path to: C:\Users\DELL\.stmcufinder\plugins\mcufinder//mcu/
2026-09-23 20:16:01,391 [INFO] RulesReader:57 - Compatibility file has been processed (242 Rules)
2026-09-23 20:16:01,472 [INFO] DbMcusXml:74 - Set database path to: D:\VXL\STM32CubeIDE_1.7.0\STM32CubeIDE\plugins\com.st.stm32cube.common.mx_6.3.0.202107141111\\db\/mcu/
2026-09-23 20:16:01,472 [INFO] DbBoardsPdsc:56 - Set plugin database path to: D:\VXL\STM32CubeIDE_1.7.0\STM32CubeIDE\plugins\com.st.stm32cube.common.mx_6.3.0.202107141111\\db\/plugins/boardmanager/
2026-09-23 20:16:01,472 [INFO] DbMcus:258 - Set plugin images path to: D:\VXL\STM32CubeIDE_1.7.0\STM32CubeIDE\plugins\com.st.stm32cube.common.mx_6.3.0.202107141111\\db\/plugins/mcufinder/images/
2026-09-23 20:16:01,472 [INFO] DbBoards:264 - Set plugin images path to: D:\VXL\STM32CubeIDE_1.7.0\STM32CubeIDE\plugins\com.st.stm32cube.common.mx_6.3.0.202107141111\\db\/plugins/mcufinder/images/
2026-09-23 20:16:01,472 [INFO] DbExamples:333 - Set plugin images path to: D:\VXL\STM32CubeIDE_1.7.0\STM32CubeIDE\plugins\com.st.stm32cube.common.mx_6.3.0.202107141111\\db\/plugins/mcufinder/images/
2026-09-23 20:16:01,472 [WARN] DbFile:35 - Overriding database path with different value: C:\Users\DELL\.stmcufinder\plugins\mcufinder/ => C:\Users\DELL\.stmcufinder\plugins\mcufinder
2026-09-23 20:16:01,472 [INFO] DbMcusAds:119 - Set database path to: C:\Users\DELL\.stmcufinder\plugins\mcufinder//mcu/
2026-09-23 20:16:01,472 [WARN] DbFile:35 - Overriding database path with different value: C:\Users\DELL\.stmcufinder\plugins\mcufinder/ => C:\Users\DELL\.stmcufinder\plugins\mcufinder
2026-09-23 20:16:01,472 [INFO] DbMcusDocs:110 - Set database path to: C:\Users\DELL\.stmcufinder\plugins\mcufinder//mcu/
2026-09-23 20:16:01,472 [WARN] DbFile:35 - Overriding database path with different value: C:\Users\DELL\.stmcufinder\plugins\mcufinder/ => C:\Users\DELL\.stmcufinder\plugins\mcufinder
2026-09-23 20:16:01,472 [INFO] DbMcusJson:64 - Set database path to: C:\Users\DELL\.stmcufinder\plugins\mcufinder//mcu/
2026-09-23 20:16:01,472 [WARN] DbFile:35 - Overriding database path with different value: C:\Users\DELL\.stmcufinder\plugins\mcufinder/ => C:\Users\DELL\.stmcufinder\plugins\mcufinder
2026-09-23 20:16:01,472 [INFO] DbBoardsDocs:110 - Set database path to: C:\Users\DELL\.stmcufinder\plugins\mcufinder//mcu/
2026-09-23 20:16:01,472 [WARN] DbFile:35 - Overriding database path with different value: C:\Users\DELL\.stmcufinder\plugins\mcufinder/ => C:\Users\DELL\.stmcufinder\plugins\mcufinder
2026-09-23 20:16:01,472 [INFO] DbBoardsJson:57 - Set database path to: C:\Users\DELL\.stmcufinder\plugins\mcufinder//mcu/
2026-09-23 20:16:01,472 [WARN] DbFile:35 - Overriding database path with different value: C:\Users\DELL\.stmcufinder\plugins\mcufinder/ => C:\Users\DELL\.stmcufinder\plugins\mcufinder
2026-09-23 20:16:01,472 [WARN] DbFile:35 - Overriding database path with different value: C:\Users\DELL\.stmcufinder\plugins\mcufinder/ => C:\Users\DELL\.stmcufinder\plugins\mcufinder
2026-09-23 20:16:01,472 [INFO] CrossReferenceDbSqlite:196 - Set database path to: C:\Users\DELL\.stmcufinder\plugins\mcufinder//mcu/cs/
2026-09-23 20:16:01,472 [WARN] DbFile:35 - Overriding database path with different value: C:\Users\DELL\.stmcufinder\plugins\mcufinder/ => C:\Users\DELL\.stmcufinder\plugins\mcufinder
2026-09-23 20:16:01,472 [INFO] DbExamplesSqlite:767 - Set database path to: C:\Users\DELL\.stmcufinder\plugins\mcufinder//mcu/
2026-09-23 20:16:01,534 [INFO] MainPanel:214 - HeapMemory: 268435456
2026-09-23 20:16:01,602 [INFO] DbMcusXml:74 - Set database path to: D:\VXL\STM32CubeIDE_1.7.0\STM32CubeIDE\plugins\com.st.stm32cube.common.mx_6.3.0.202107141111\\db\/mcu/
2026-09-23 20:16:01,602 [INFO] DbBoardsPdsc:56 - Set plugin database path to: D:\VXL\STM32CubeIDE_1.7.0\STM32CubeIDE\plugins\com.st.stm32cube.common.mx_6.3.0.202107141111\\db\/plugins/boardmanager/
2026-09-23 20:16:01,602 [INFO] DbMcus:258 - Set plugin images path to: D:\VXL\STM32CubeIDE_1.7.0\STM32CubeIDE\plugins\com.st.stm32cube.common.mx_6.3.0.202107141111\\db\/plugins/mcufinder/images/
2026-09-23 20:16:01,602 [INFO] DbBoards:264 - Set plugin images path to: D:\VXL\STM32CubeIDE_1.7.0\STM32CubeIDE\plugins\com.st.stm32cube.common.mx_6.3.0.202107141111\\db\/plugins/mcufinder/images/
2026-09-23 20:16:01,602 [INFO] DbExamples:333 - Set plugin images path to: D:\VXL\STM32CubeIDE_1.7.0\STM32CubeIDE\plugins\com.st.stm32cube.common.mx_6.3.0.202107141111\\db\/plugins/mcufinder/images/
2026-09-23 20:16:01,602 [WARN] DbFile:35 - Overriding database path with different value: C:\Users\DELL\.stmcufinder\plugins\mcufinder/ => C:\Users\DELL\.stmcufinder\plugins\mcufinder
2026-09-23 20:16:01,602 [INFO] DbMcusAds:119 - Set database path to: C:\Users\DELL\.stmcufinder\plugins\mcufinder//mcu/
2026-09-23 20:16:01,602 [WARN] DbFile:35 - Overriding database path with different value: C:\Users\DELL\.stmcufinder\plugins\mcufinder/ => C:\Users\DELL\.stmcufinder\plugins\mcufinder
2026-09-23 20:16:01,602 [INFO] DbMcusDocs:110 - Set database path to: C:\Users\DELL\.stmcufinder\plugins\mcufinder//mcu/
2026-09-23 20:16:01,602 [WARN] DbFile:35 - Overriding database path with different value: C:\Users\DELL\.stmcufinder\plugins\mcufinder/ => C:\Users\DELL\.stmcufinder\plugins\mcufinder
2026-09-23 20:16:01,602 [INFO] DbMcusJson:64 - Set database path to: C:\Users\DELL\.stmcufinder\plugins\mcufinder//mcu/
2026-09-23 20:16:01,602 [WARN] DbFile:35 - Overriding database path with different value: C:\Users\DELL\.stmcufinder\plugins\mcufinder/ => C:\Users\DELL\.stmcufinder\plugins\mcufinder
2026-09-23 20:16:01,602 [INFO] DbBoardsDocs:110 - Set database path to: C:\Users\DELL\.stmcufinder\plugins\mcufinder//mcu/
2026-09-23 20:16:01,602 [WARN] DbFile:35 - Overriding database path with different value: C:\Users\DELL\.stmcufinder\plugins\mcufinder/ => C:\Users\DELL\.stmcufinder\plugins\mcufinder
2026-09-23 20:16:01,602 [INFO] DbBoardsJson:57 - Set database path to: C:\Users\DELL\.stmcufinder\plugins\mcufinder//mcu/
2026-09-23 20:16:01,602 [WARN] DbFile:35 - Overriding database path with different value: C:\Users\DELL\.stmcufinder\plugins\mcufinder/ => C:\Users\DELL\.stmcufinder\plugins\mcufinder
2026-09-23 20:16:01,602 [WARN] DbFile:35 - Overriding database path with different value: C:\Users\DELL\.stmcufinder\plugins\mcufinder/ => C:\Users\DELL\.stmcufinder\plugins\mcufinder
2026-09-23 20:16:01,602 [INFO] CrossReferenceDbSqlite:196 - Set database path to: C:\Users\DELL\.stmcufinder\plugins\mcufinder//mcu/cs/
2026-09-23 20:16:01,602 [WARN] DbFile:35 - Overriding database path with different value: C:\Users\DELL\.stmcufinder\plugins\mcufinder/ => C:\Users\DELL\.stmcufinder\plugins\mcufinder
2026-09-23 20:16:01,602 [INFO] DbExamplesSqlite:767 - Set database path to: C:\Users\DELL\.stmcufinder\plugins\mcufinder//mcu/
2026-09-23 20:16:01,613 [INFO] ApplicationProperties:181 - Using Application install path: D:\VXL\STM32CubeIDE_1.7.0\STM32CubeIDE\plugins\com.st.stm32cube.common.mx_6.3.0.202107141111
2026-09-23 20:16:01,613 [INFO] PluginManage:188 - Search for loadable plugins [exclusion list=, ]
2026-09-23 20:16:01,613 [INFO] PluginManage:302 - Check plugin analytics
2026-09-23 20:16:01,709 [INFO] AnalyticsPlugin:257 - Accepted Software Licenses: 
2026-09-23 20:16:01,709 [INFO] AnalyticsPlugin:259 - Accepted CMSIS Pack Licenses: 
2026-09-23 20:16:01,709 [INFO] AnalyticsPlugin:261 - Accepted Firmware Licenses: 
2026-09-23 20:16:01,709 [INFO] PluginManage:352 - Loaded plugin analytics (category:tool,tabindex:-1)
2026-09-23 20:16:01,709 [INFO] PluginManage:302 - Check plugin clock
2026-09-23 20:16:01,724 [INFO] PluginManage:352 - Loaded plugin clock (category:base,tabindex:2)
2026-09-23 20:16:01,724 [INFO] PluginManage:302 - Check plugin ddr
2026-09-23 20:16:01,724 [INFO] PluginManage:352 - Loaded plugin ddr (category:tool,tabindex:6)
2026-09-23 20:16:01,724 [INFO] PluginManage:302 - Check plugin filemanager
2026-09-23 20:16:01,835 [INFO] PluginManage:352 - Loaded plugin filemanager (category:base,tabindex:10)
2026-09-23 20:16:01,835 [INFO] PluginManage:302 - Check plugin ipmanager
2026-09-23 20:16:01,854 [INFO] PluginManage:352 - Loaded plugin ipmanager (category:base,tabindex:5)
2026-09-23 20:16:01,854 [INFO] PluginManage:302 - Check plugin pinoutandconfiguration
2026-09-23 20:16:01,857 [INFO] PluginManage:352 - Loaded plugin pinoutandconfiguration (category:base,tabindex:1)
2026-09-23 20:16:01,857 [INFO] PluginManage:302 - Check plugin pinoutconfig
2026-09-23 20:16:01,885 [INFO] PluginManage:352 - Loaded plugin pinoutconfig (category:base,tabindex:0)
2026-09-23 20:16:01,885 [INFO] PluginManage:302 - Check plugin power
2026-09-23 20:16:01,895 [INFO] PluginManage:352 - Loaded plugin power (category:power,tabindex:4)
2026-09-23 20:16:01,895 [INFO] PluginManage:302 - Check plugin projectmanager
2026-09-23 20:16:01,898 [INFO] PluginManage:352 - Loaded plugin projectmanager (category:projectmanager,tabindex:3)
2026-09-23 20:16:01,898 [INFO] PluginManage:302 - Check plugin thirdparty
2026-09-23 20:16:01,914 [ERROR] LogOutputStream:74 - [STDERR_REDIRECT] [Fatal Error] :1:1: Premature end of file.
2026-09-23 20:16:01,914 [ERROR] LogOutputStream:74 - [STDERR_REDIRECT] 
2026-09-23 20:16:01,998 [INFO] PluginManage:352 - Loaded plugin thirdparty (category:base,tabindex:-1)
2026-09-23 20:16:01,998 [WARN] IntegrityCheckThread:78 - waiting for thirdparty lock release [integrity check]
2026-09-23 20:16:01,998 [INFO] IntegrityCheckThread:80 - entering critical section [integrity check]
2026-09-23 20:16:01,998 [INFO] PluginManage:302 - Check plugin tools
2026-09-23 20:16:01,998 [INFO] ThirdPartyUpdaterWithRetryManager:66 - Updater plugin not ready yet. [1/15]
2026-09-23 20:16:01,998 [INFO] PluginManage:352 - Loaded plugin tools (category:base,tabindex:7)
2026-09-23 20:16:01,998 [INFO] PluginManage:302 - Check plugin tutovideos
2026-09-23 20:16:02,153 [INFO] PluginManage:352 - Loaded plugin tutovideos (category:base,tabindex:-1)
2026-09-23 20:16:02,153 [INFO] PluginManage:302 - Check plugin updater
2026-09-23 20:16:02,167 [INFO] PluginManage:352 - Loaded plugin updater (category:base,tabindex:12)
2026-09-23 20:16:02,167 [INFO] PluginManage:275 - PluginManage : Loaded plugins [13]
2026-09-23 20:16:02,312 [INFO] PinOutPanel:1463 - setPackage(No Configuration,No Configuration)
2026-09-23 20:16:02,374 [INFO] IPUIPlugin:74 - create IPUIPlugin
2026-09-23 20:16:02,374 [INFO] PluginManager:213 - loadIPPluginJar : add adc
2026-09-23 20:16:02,389 [INFO] IPUIPlugin:74 - create IPUIPlugin
2026-09-23 20:16:02,389 [INFO] PluginManager:213 - loadIPPluginJar : add aes
2026-09-23 20:16:02,389 [INFO] IPUIPlugin:74 - create IPUIPlugin
2026-09-23 20:16:02,389 [INFO] PluginManager:213 - loadIPPluginJar : add can
2026-09-23 20:16:02,389 [INFO] IPUIPlugin:74 - create IPUIPlugin
2026-09-23 20:16:02,389 [INFO] PluginManager:213 - loadIPPluginJar : add comp
2026-09-23 20:16:02,389 [INFO] IPUIPlugin:74 - create IPUIPlugin
2026-09-23 20:16:02,389 [INFO] PluginManager:213 - loadIPPluginJar : add cryp
2026-09-23 20:16:02,389 [INFO] IPUIPlugin:74 - create IPUIPlugin
2026-09-23 20:16:02,389 [INFO] PluginManager:213 - loadIPPluginJar : add dfsdm
2026-09-23 20:16:02,389 [INFO] IPUIPlugin:74 - create IPUIPlugin
2026-09-23 20:16:02,389 [INFO] PluginManager:213 - loadIPPluginJar : add dma
2026-09-23 20:16:02,389 [INFO] IPUIPlugin:74 - create IPUIPlugin
2026-09-23 20:16:02,389 [INFO] PluginManager:213 - loadIPPluginJar : add dma3
2026-09-23 20:16:02,389 [INFO] IPUIPlugin:74 - create IPUIPlugin
2026-09-23 20:16:02,389 [INFO] PluginManager:213 - loadIPPluginJar : add fatfs
2026-09-23 20:16:02,405 [INFO] IPUIPlugin:74 - create IPUIPlugin
2026-09-23 20:16:02,405 [INFO] PluginManager:213 - loadIPPluginJar : add fmc
2026-09-23 20:16:02,405 [INFO] IPUIPlugin:74 - create IPUIPlugin
2026-09-23 20:16:02,405 [INFO] PluginManager:213 - loadIPPluginJar : add freertos
2026-09-23 20:16:02,405 [INFO] IPUIPlugin:74 - create IPUIPlugin
2026-09-23 20:16:02,405 [INFO] PluginManager:213 - loadIPPluginJar : add genericplugin
2026-09-23 20:16:02,405 [INFO] IPUIPlugin:74 - create IPUIPlugin
2026-09-23 20:16:02,405 [INFO] PluginManager:213 - loadIPPluginJar : add gfxmmu
2026-09-23 20:16:02,405 [INFO] IPUIPlugin:74 - create IPUIPlugin
2026-09-23 20:16:02,405 [INFO] PluginManager:213 - loadIPPluginJar : add gic
2026-09-23 20:16:02,421 [INFO] IPUIPlugin:74 - create IPUIPlugin
2026-09-23 20:16:02,421 [INFO] PluginManager:213 - loadIPPluginJar : add gpio
2026-09-23 20:16:02,421 [INFO] IPUIPlugin:74 - create IPUIPlugin
2026-09-23 20:16:02,421 [INFO] PluginManager:213 - loadIPPluginJar : add gtzc
2026-09-23 20:16:02,421 [INFO] IPUIPlugin:74 - create IPUIPlugin
2026-09-23 20:16:02,421 [INFO] PluginManager:213 - loadIPPluginJar : add hash
2026-09-23 20:16:02,421 [INFO] IPUIPlugin:74 - create IPUIPlugin
2026-09-23 20:16:02,421 [INFO] PluginManager:213 - loadIPPluginJar : add i2c
2026-09-23 20:16:02,421 [INFO] IPUIPlugin:74 - create IPUIPlugin
2026-09-23 20:16:02,421 [INFO] PluginManager:213 - loadIPPluginJar : add i2s
2026-09-23 20:16:02,421 [INFO] IPUIPlugin:74 - create IPUIPlugin
2026-09-23 20:16:02,421 [INFO] PluginManager:213 - loadIPPluginJar : add ipddr
2026-09-23 20:16:02,421 [INFO] IPUIPlugin:74 - create IPUIPlugin
2026-09-23 20:16:02,421 [INFO] PluginManager:213 - loadIPPluginJar : add linkedlist
2026-09-23 20:16:02,437 [INFO] IPUIPlugin:74 - create IPUIPlugin
2026-09-23 20:16:02,437 [INFO] PluginManager:213 - loadIPPluginJar : add lorawan
2026-09-23 20:16:02,437 [INFO] IPUIPlugin:74 - create IPUIPlugin
2026-09-23 20:16:02,437 [INFO] PluginManager:213 - loadIPPluginJar : add ltdc
2026-09-23 20:16:02,437 [INFO] IPUIPlugin:74 - create IPUIPlugin
2026-09-23 20:16:02,437 [INFO] PluginManager:213 - loadIPPluginJar : add mdma
2026-09-23 20:16:02,437 [INFO] IPUIPlugin:74 - create IPUIPlugin
2026-09-23 20:16:02,437 [INFO] PluginManager:213 - loadIPPluginJar : add nvic
2026-09-23 20:16:02,437 [INFO] IPUIPlugin:74 - create IPUIPlugin
2026-09-23 20:16:02,437 [INFO] PluginManager:213 - loadIPPluginJar : add opamp
2026-09-23 20:16:02,437 [INFO] IPUIPlugin:74 - create IPUIPlugin
2026-09-23 20:16:02,437 [INFO] PluginManager:213 - loadIPPluginJar : add openamp
2026-09-23 20:16:02,437 [INFO] IPUIPlugin:74 - create IPUIPlugin
2026-09-23 20:16:02,437 [INFO] PluginManager:213 - loadIPPluginJar : add pdm2pcm
2026-09-23 20:16:02,453 [INFO] IPUIPlugin:74 - create IPUIPlugin
2026-09-23 20:16:02,453 [INFO] PluginManager:213 - loadIPPluginJar : add plateformsettings
2026-09-23 20:16:02,453 [INFO] IPUIPlugin:74 - create IPUIPlugin
2026-09-23 20:16:02,453 [INFO] PluginManager:213 - loadIPPluginJar : add quadspi
2026-09-23 20:16:02,453 [INFO] IPUIPlugin:74 - create IPUIPlugin
2026-09-23 20:16:02,453 [INFO] PluginManager:213 - loadIPPluginJar : add resmgrutility
2026-09-23 20:16:02,453 [INFO] IPUIPlugin:74 - create IPUIPlugin
2026-09-23 20:16:02,453 [INFO] PluginManager:213 - loadIPPluginJar : add sai
2026-09-23 20:16:02,453 [INFO] IPUIPlugin:74 - create IPUIPlugin
2026-09-23 20:16:02,453 [INFO] PluginManager:213 - loadIPPluginJar : add spi
2026-09-23 20:16:02,453 [INFO] IPUIPlugin:74 - create IPUIPlugin
2026-09-23 20:16:02,453 [INFO] PluginManager:213 - loadIPPluginJar : add stm32_wpan
2026-09-23 20:16:02,453 [INFO] IPUIPlugin:74 - create IPUIPlugin
2026-09-23 20:16:02,453 [INFO] PluginManager:213 - loadIPPluginJar : add tim
2026-09-23 20:16:02,469 [INFO] IPUIPlugin:74 - create IPUIPlugin
2026-09-23 20:16:02,469 [INFO] PluginManager:213 - loadIPPluginJar : add touchsensing
2026-09-23 20:16:02,469 [INFO] IPUIPlugin:74 - create IPUIPlugin
2026-09-23 20:16:02,469 [INFO] PluginManager:213 - loadIPPluginJar : add tracer_emb
2026-09-23 20:16:02,469 [INFO] IPUIPlugin:74 - create IPUIPlugin
2026-09-23 20:16:02,469 [INFO] PluginManager:213 - loadIPPluginJar : add ts
2026-09-23 20:16:02,469 [INFO] IPUIPlugin:74 - create IPUIPlugin
2026-09-23 20:16:02,469 [INFO] PluginManager:213 - loadIPPluginJar : add tsc
2026-09-23 20:16:02,469 [INFO] IPUIPlugin:74 - create IPUIPlugin
2026-09-23 20:16:02,469 [INFO] PluginManager:213 - loadIPPluginJar : add ucpd
2026-09-23 20:16:02,469 [INFO] IPUIPlugin:74 - create IPUIPlugin
2026-09-23 20:16:02,469 [INFO] PluginManager:213 - loadIPPluginJar : add usart
2026-09-23 20:16:02,469 [INFO] IPUIPlugin:74 - create IPUIPlugin
2026-09-23 20:16:02,469 [INFO] PluginManager:213 - loadIPPluginJar : add usbx
2026-09-23 20:16:02,725 [FATAL] Updater:294 - Updater called before beeing initialized
2026-09-23 20:16:02,804 [FATAL] Updater:294 - Updater called before beeing initialized
2026-09-23 20:16:02,804 [INFO] DbMcusAds:47 - JSON generation date=Tue Sep 22 19:25:16 ICT 2026 (1790079916666)
2026-09-23 20:16:02,804 [FATAL] Updater:294 - Updater called before beeing initialized
2026-09-23 20:16:02,846 [WARN] DetailPanel:314 - Failed to get advertising image, set to default
2026-09-23 20:16:02,931 [ERROR] LogOutputStream:74 - [STDERR_REDIRECT] [Fatal Error] :1:1: Premature end of file.
2026-09-23 20:16:02,931 [ERROR] LogOutputStream:74 - [STDERR_REDIRECT] 
2026-09-23 20:16:02,980 [FATAL] Updater:294 - Updater called before beeing initialized
2026-09-23 20:16:02,982 [FATAL] Updater:294 - Updater called before beeing initialized
2026-09-23 20:16:02,982 [FATAL] Updater:294 - Updater called before beeing initialized
2026-09-23 20:16:02,982 [WARN] DetailPanel:314 - Failed to get advertising image, set to default
2026-09-23 20:16:02,984 [FATAL] Updater:294 - Updater called before beeing initialized
2026-09-23 20:16:03,025 [ERROR] Updater:1075 - MainUpdater not yet initialized. External WinMGr cannot be set.
2026-09-23 20:16:03,025 [INFO] Updater:1012 - Updater Version found : 6.3.0
2026-09-23 20:16:03,041 [INFO] ApplicationProperties:181 - Using Application install path: D:\VXL\STM32CubeIDE_1.7.0\STM32CubeIDE\plugins\com.st.stm32cube.common.mx_6.3.0.202107141111
2026-09-23 20:16:03,303 [INFO] MainUpdater:2671 - connection check result : 10
2026-09-23 20:16:03,305 [INFO] MainUpdater:265 - Updater Check For Update Now.
2026-09-23 20:16:03,305 [INFO] MicroXplorer:478 - Change Database Version : DB.6.0.30
2026-09-23 20:16:03,472 [INFO] CheckServerUpdateThread:112 - End of CheckServer Thread
2026-09-23 20:16:03,538 [INFO] MainUpdater:2671 - connection check result : 10
2026-09-23 20:16:03,538 [INFO] McuFinderGlobals:52 - Set McuFinderConnectedMode to true
2026-09-23 20:16:03,635 [INFO] ServerAccessManage:362 - Download File mcusAds.json._tmp_
2026-09-23 20:16:03,745 [INFO] LoadUrlFilesThread:145 - End of LoadUrlFiles Thread
2026-09-23 20:16:03,921 [ERROR] LogOutputStream:74 - [STDERR_REDIRECT] [Fatal Error] :1:1: Premature end of file.
2026-09-23 20:16:03,921 [ERROR] LogOutputStream:74 - [STDERR_REDIRECT] 
2026-09-23 20:16:04,917 [ERROR] LogOutputStream:74 - [STDERR_REDIRECT] [Fatal Error] :1:1: Premature end of file.
2026-09-23 20:16:04,917 [ERROR] LogOutputStream:74 - [STDERR_REDIRECT] 
2026-09-23 20:16:05,014 [WARN] MainUpdater:1122 - Updater busy. Cannot search thirdparties
2026-09-23 20:16:05,014 [INFO] ThirdPartyUpdaterWithRetryManager:92 - Updater plugin is busy. [1/15]
2026-09-23 20:16:05,915 [ERROR] LogOutputStream:74 - [STDERR_REDIRECT] [Fatal Error] :1:1: Premature end of file.
2026-09-23 20:16:05,915 [ERROR] LogOutputStream:74 - [STDERR_REDIRECT] 
2026-09-23 20:16:06,904 [ERROR] LogOutputStream:74 - [STDERR_REDIRECT] [Fatal Error] :1:1: Premature end of file.
2026-09-23 20:16:06,904 [ERROR] LogOutputStream:74 - [STDERR_REDIRECT] 
2026-09-23 20:16:07,909 [ERROR] LogOutputStream:74 - [STDERR_REDIRECT] [Fatal Error] :1:1: Premature end of file.
2026-09-23 20:16:07,909 [ERROR] LogOutputStream:74 - [STDERR_REDIRECT] 
2026-09-23 20:16:08,024 [WARN] MainUpdater:1122 - Updater busy. Cannot search thirdparties
2026-09-23 20:16:08,024 [INFO] ThirdPartyUpdaterWithRetryManager:92 - Updater plugin is busy. [2/15]
2026-09-23 20:16:08,921 [ERROR] LogOutputStream:74 - [STDERR_REDIRECT] [Fatal Error] :1:1: Premature end of file.
2026-09-23 20:16:08,921 [ERROR] LogOutputStream:74 - [STDERR_REDIRECT] 
2026-09-23 20:16:09,916 [ERROR] LogOutputStream:74 - [STDERR_REDIRECT] [Fatal Error] :1:1: Premature end of file.
2026-09-23 20:16:09,916 [ERROR] LogOutputStream:74 - [STDERR_REDIRECT] 
2026-09-23 20:16:10,926 [ERROR] LogOutputStream:74 - [STDERR_REDIRECT] [Fatal Error] :1:1: Premature end of file.
2026-09-23 20:16:10,926 [ERROR] LogOutputStream:74 - [STDERR_REDIRECT] 
2026-09-23 20:16:11,037 [WARN] MainUpdater:1122 - Updater busy. Cannot search thirdparties
2026-09-23 20:16:11,037 [INFO] ThirdPartyUpdaterWithRetryManager:92 - Updater plugin is busy. [3/15]
2026-09-23 20:16:11,921 [ERROR] LogOutputStream:74 - [STDERR_REDIRECT] [Fatal Error] :1:1: Premature end of file.
2026-09-23 20:16:11,921 [ERROR] LogOutputStream:74 - [STDERR_REDIRECT] 
2026-09-23 20:16:12,915 [ERROR] LogOutputStream:74 - [STDERR_REDIRECT] [Fatal Error] :1:1: Premature end of file.
2026-09-23 20:16:12,919 [ERROR] LogOutputStream:74 - [STDERR_REDIRECT] 
2026-09-23 20:16:13,924 [ERROR] LogOutputStream:74 - [STDERR_REDIRECT] [Fatal Error] :1:1: Premature end of file.
2026-09-23 20:16:13,924 [ERROR] LogOutputStream:74 - [STDERR_REDIRECT] 
2026-09-23 20:16:14,053 [WARN] MainUpdater:1122 - Updater busy. Cannot search thirdparties
2026-09-23 20:16:14,053 [INFO] ThirdPartyUpdaterWithRetryManager:92 - Updater plugin is busy. [4/15]
2026-09-23 20:16:14,923 [ERROR] LogOutputStream:74 - [STDERR_REDIRECT] [Fatal Error] :1:1: Premature end of file.
2026-09-23 20:16:14,923 [ERROR] LogOutputStream:74 - [STDERR_REDIRECT] 
2026-09-23 20:16:15,913 [ERROR] LogOutputStream:74 - [STDERR_REDIRECT] [Fatal Error] :1:1: Premature end of file.
2026-09-23 20:16:15,913 [ERROR] LogOutputStream:74 - [STDERR_REDIRECT] 
2026-09-23 20:16:16,923 [ERROR] LogOutputStream:74 - [STDERR_REDIRECT] [Fatal Error] :1:1: Premature end of file.
2026-09-23 20:16:16,923 [ERROR] LogOutputStream:74 - [STDERR_REDIRECT] 
2026-09-23 20:16:17,066 [WARN] MainUpdater:1122 - Updater busy. Cannot search thirdparties
2026-09-23 20:16:17,066 [INFO] ThirdPartyUpdaterWithRetryManager:92 - Updater plugin is busy. [5/15]
2026-09-23 20:16:17,917 [ERROR] LogOutputStream:74 - [STDERR_REDIRECT] [Fatal Error] :1:1: Premature end of file.
2026-09-23 20:16:17,917 [ERROR] LogOutputStream:74 - [STDERR_REDIRECT] 
2026-09-23 20:16:18,932 [ERROR] LogOutputStream:74 - [STDERR_REDIRECT] [Fatal Error] :1:1: Premature end of file.
2026-09-23 20:16:18,932 [ERROR] LogOutputStream:74 - [STDERR_REDIRECT] 
2026-09-23 20:16:19,921 [ERROR] LogOutputStream:74 - [STDERR_REDIRECT] [Fatal Error] :1:1: Premature end of file.
2026-09-23 20:16:19,921 [ERROR] LogOutputStream:74 - [STDERR_REDIRECT] 
2026-09-23 20:16:20,081 [WARN] MainUpdater:1122 - Updater busy. Cannot search thirdparties
2026-09-23 20:16:20,081 [INFO] ThirdPartyUpdaterWithRetryManager:92 - Updater plugin is busy. [6/15]
2026-09-23 20:16:20,916 [ERROR] LogOutputStream:74 - [STDERR_REDIRECT] [Fatal Error] :1:1: Premature end of file.
2026-09-23 20:16:20,916 [ERROR] LogOutputStream:74 - [STDERR_REDIRECT] 
2026-09-23 20:16:21,927 [ERROR] LogOutputStream:74 - [STDERR_REDIRECT] [Fatal Error] :1:1: Premature end of file.
2026-09-23 20:16:21,927 [ERROR] LogOutputStream:74 - [STDERR_REDIRECT] 
2026-09-23 20:16:22,921 [ERROR] LogOutputStream:74 - [STDERR_REDIRECT] [Fatal Error] :1:1: Premature end of file.
2026-09-23 20:16:22,921 [ERROR] LogOutputStream:74 - [STDERR_REDIRECT] 
2026-09-23 20:16:23,096 [WARN] MainUpdater:1122 - Updater busy. Cannot search thirdparties
2026-09-23 20:16:23,096 [INFO] ThirdPartyUpdaterWithRetryManager:92 - Updater plugin is busy. [7/15]
2026-09-23 20:16:23,788 [ERROR] ServerAccessManage:1016 - HTTP unexpected response (522) for https://stmcufinder.com/API/getFiles.php?
2026-09-23 20:16:23,804 [ERROR] ServerAccessManage:531 - Error during Access to HTTP Server. : mcusDocs.json._tmp_.
2026-09-23 20:16:23,914 [ERROR] LogOutputStream:74 - [STDERR_REDIRECT] [Fatal Error] :1:1: Premature end of file.
2026-09-23 20:16:23,914 [ERROR] LogOutputStream:74 - [STDERR_REDIRECT] 
2026-09-23 20:16:24,923 [ERROR] LogOutputStream:74 - [STDERR_REDIRECT] [Fatal Error] :1:1: Premature end of file.
2026-09-23 20:16:24,923 [ERROR] LogOutputStream:74 - [STDERR_REDIRECT] 
2026-09-23 20:16:25,450 [INFO] LoadUrlFilesThread:145 - End of LoadUrlFiles Thread
2026-09-23 20:16:25,913 [ERROR] LogOutputStream:74 - [STDERR_REDIRECT] [Fatal Error] :1:1: Premature end of file.
2026-09-23 20:16:25,913 [ERROR] LogOutputStream:74 - [STDERR_REDIRECT] 
2026-09-23 20:16:26,276 [WARN] PackLoader:238 - Cannot read IP mode file for STMicroelectronics.X-CUBE-AZRTOS-H7.3.5.0
2026-09-23 20:16:26,292 [WARN] PackLoader:238 - Cannot read IP mode file for STMicroelectronics.FP-ATR-ASTRA1.2.0.3
2026-09-23 20:16:26,300 [ERROR] Engine:463 - C:\Users\DELL\.stm32cubemx\thirdparties\pdsc\STMicroelectronics.X-CUBE-SMBUS.2.1.1.pdsc: PDSC version is not supported
2026-09-23 20:16:26,308 [WARN] PackLoader:238 - Cannot read IP mode file for STMicroelectronics.X-CUBE-AZRTOS-F7.1.1.0
2026-09-23 20:16:26,324 [ERROR] Engine:463 - C:\Users\DELL\.stm32cubemx\thirdparties\pdsc\STMicroelectronics.X-CUBE-FREERTOS.1.6.0.pdsc: PDSC version is not supported
2026-09-23 20:16:26,324 [ERROR] Engine:463 - C:\Users\DELL\.stm32cubemx\thirdparties\pdsc\STMicroelectronics.FP-SNS-MOTENV1.5.1.0.pdsc: PDSC version is not supported
2026-09-23 20:16:26,347 [WARN] PackLoader:238 - Cannot read IP mode file for STMicroelectronics.X-CUBE-AZRTOS-H7RS.1.3.0
2026-09-23 20:16:26,356 [ERROR] Engine:463 - C:\Users\DELL\.stm32cubemx\thirdparties\pdsc\WES.I-CUBE-Cesium.1.4.0.pdsc: PDSC version is not supported
2026-09-23 20:16:26,356 [ERROR] Engine:463 - C:\Users\DELL\.stm32cubemx\thirdparties\pdsc\STMicroelectronics.X-CUBE-DISPLAY.3.0.0.pdsc: PDSC version is not supported
2026-09-23 20:16:26,372 [WARN] PackLoader:238 - Cannot read IP mode file for STMicroelectronics.X-CUBE-GNSS1.7.1.1
2026-09-23 20:16:26,372 [ERROR] Engine:463 - C:\Users\DELL\.stm32cubemx\thirdparties\pdsc\STMicroelectronics.FP-SNS-MOTENVWB1.1.5.0.pdsc: PDSC version is not supported
2026-09-23 20:16:26,372 [WARN] PackLoader:238 - Cannot read IP mode file for STMicroelectronics.X-CUBE-NFC10.1.0.0
2026-09-23 20:16:26,388 [ERROR] Engine:463 - C:\Users\DELL\.stm32cubemx\thirdparties\pdsc\STMicroelectronics.X-CUBE-ST60.1.1.0.pdsc: PDSC version is not supported
2026-09-23 20:16:26,392 [ERROR] Engine:463 - C:\Users\DELL\.stm32cubemx\thirdparties\pdsc\emotas.I-CUBE-CANOPEN.1.3.0.pdsc: PDSC version is not supported
2026-09-23 20:16:26,394 [INFO] DbMcusAds:47 - JSON generation date=Tue Sep 22 19:25:16 ICT 2026 (1790079916666)
2026-09-23 20:16:26,402 [WARN] PackLoader:238 - Cannot read IP mode file for wolfSSL.I-CUBE-wolfSSL.5.9.2
2026-09-23 20:16:26,406 [ERROR] Engine:463 - C:\Users\DELL\.stm32cubemx\thirdparties\pdsc\STMicroelectronics.X-CUBE-WBA.1.1.0.pdsc: PDSC version is not supported
2026-09-23 20:16:26,411 [ERROR] Engine:463 - C:\Users\DELL\.stm32cubemx\thirdparties\pdsc\STMicroelectronics.FP-SNS-STBOX1.2.1.0.pdsc: PDSC version is not supported
2026-09-23 20:16:26,413 [INFO] DbMcusDocs:143 - JSON generation date=Mon Jun 07 15:53:21 ICT 2021 (1623056001)
2026-09-23 20:16:26,413 [INFO] DbMcusXml:100 - Load MCU database from D:\VXL\STM32CubeIDE_1.7.0\STM32CubeIDE\plugins\com.st.stm32cube.common.mx_6.3.0.202107141111\\db\/mcu/families.xml
2026-09-23 20:16:26,413 [ERROR] Engine:463 - C:\Users\DELL\.stm32cubemx\thirdparties\pdsc\STMicroelectronics.FP-SNS-SMARTAG2.1.2.0.pdsc: PDSC version is not supported
2026-09-23 20:16:26,417 [ERROR] Engine:463 - C:\Users\DELL\.stm32cubemx\thirdparties\pdsc\STMicroelectronics.FP-SNS-FLIGHT1.5.1.0.pdsc: PDSC version is not supported
2026-09-23 20:16:26,434 [INFO] LogOutputStream:76 - [STDOUT_REDIRECT] 1 : Invalid condition id : UX_CORESTACK_Condition cause : null
2026-09-23 20:16:26,435 [INFO] LogOutputStream:76 - [STDOUT_REDIRECT] 1 : Invalid condition id : UX_CORESTACK_Condition cause : null
2026-09-23 20:16:26,438 [INFO] LogOutputStream:76 - [STDOUT_REDIRECT] 1 : Invalid condition id : UX_CORESTACK_Condition cause : null
2026-09-23 20:16:26,442 [INFO] LogOutputStream:76 - [STDOUT_REDIRECT] 1 : Invalid condition id : UX_CORESTACK_Condition cause : null
2026-09-23 20:16:26,442 [INFO] LogOutputStream:76 - [STDOUT_REDIRECT] 1 : Invalid condition id : UX_CORESTACK_Condition cause : null
2026-09-23 20:16:26,448 [WARN] PackLoader:238 - Cannot read IP mode file for STMicroelectronics.X-CUBE-AZRTOS-WL.2.0.0
2026-09-23 20:16:26,467 [WARN] PackLoader:238 - Cannot read IP mode file for STMicroelectronics.X-CUBE-BLE2.3.3.0
2026-09-23 20:16:26,470 [ERROR] Engine:463 - C:\Users\DELL\.stm32cubemx\thirdparties\pdsc\Avnet-IOTCONNECT.X-CUBE-iotc-st67-sdk.1.0.0.pdsc: PDSC version is not supported
2026-09-23 20:16:26,495 [ERROR] Engine:463 - C:\Users\DELL\.stm32cubemx\thirdparties\pdsc\Infineon.AIROC-Wi-Fi-Bluetooth-STM32.1.8.0.pdsc: PDSC version is not supported
2026-09-23 20:16:26,506 [WARN] PackLoader:238 - Cannot read IP mode file for STMicroelectronics.X-CUBE-NFC9.1.0.0
2026-09-23 20:16:26,519 [WARN] PackLoader:238 - Cannot read IP mode file for STMicroelectronics.X-CUBE-BLE1.7.1.0
2026-09-23 20:16:26,521 [WARN] PackLoader:238 - Cannot read IP mode file for wolfSSL.I-CUBE-wolfMQTT.1.19.2
2026-09-23 20:16:26,539 [WARN] PackLoader:238 - Cannot read IP mode file for STMicroelectronics.X-CUBE-EEPRMA1.5.2.0
2026-09-23 20:16:26,570 [WARN] PackLoader:238 - Cannot read IP mode file for STMicroelectronics.X-CUBE-AZRTOS-G0.1.1.0
2026-09-23 20:16:26,597 [WARN] PackLoader:238 - Cannot read IP mode file for STMicroelectronics.X-CUBE-NFC4.3.0.0
2026-09-23 20:16:26,597 [ERROR] Engine:463 - C:\Users\DELL\.stm32cubemx\thirdparties\pdsc\EmbeddedOffice.I-CUBE-FS-RTOS.1.0.1.pdsc: PDSC version is not supported
2026-09-23 20:16:26,625 [WARN] PackLoader:238 - Cannot read IP mode file for wolfSSL.I-CUBE-wolfTPM.3.8.0
2026-09-23 20:16:26,630 [ERROR] Engine:463 - C:\Users\DELL\.stm32cubemx\thirdparties\pdsc\STMicroelectronics.X-CUBE-TCPP.4.2.0.pdsc: PDSC version is not supported
2026-09-23 20:16:26,630 [ERROR] Engine:463 - C:\Users\DELL\.stm32cubemx\thirdparties\pdsc\RealThread.X-CUBE-RT-Thread_Nano.4.1.1.pdsc: PDSC version is not supported
2026-09-23 20:16:26,636 [WARN] PackLoader:238 - Cannot read IP mode file for STMicroelectronics.FP-ATR-SIGFOX1.3.2.0
2026-09-23 20:16:26,636 [ERROR] Engine:463 - C:\Users\DELL\.stm32cubemx\thirdparties\pdsc\ITTIA_DB.I-CUBE-ITTIADB.8.9.0.pdsc: PDSC version is not supported
2026-09-23 20:16:26,636 [ERROR] Engine:463 - C:\Users\DELL\.stm32cubemx\thirdparties\pdsc\Cesanta.I-CUBE-Mongoose.7.21.7.pdsc: PDSC version is not supported
2026-09-23 20:16:26,648 [WARN] PackLoader:238 - Cannot read IP mode file for STMicroelectronics.X-CUBE-NFC6.3.2.0
2026-09-23 20:16:26,662 [WARN] PackLoader:238 - Cannot read IP mode file for STMicroelectronics.X-CUBE-AI.10.2.1
2026-09-23 20:16:26,748 [WARN] PackLoader:238 - Cannot read IP mode file for SEGGER.I-CUBE-embOS.1.3.1
2026-09-23 20:16:26,830 [ERROR] Engine:463 - C:\Users\DELL\.stm32cubemx\thirdparties\pdsc\STMicroelectronics.FP-SNS-STAIOTCFT.2.0.0.pdsc: PDSC version is not supported
2026-09-23 20:16:26,838 [WARN] PackLoader:238 - Cannot read IP mode file for STMicroelectronics.X-CUBE-NFC13.1.0.0
2026-09-23 20:16:26,849 [WARN] PackLoader:238 - Cannot read IP mode file for STMicroelectronics.X-CUBE-PM33A1.1.0.0
2026-09-23 20:16:26,892 [WARN] PackLoader:238 - Cannot read IP mode file for STMicroelectronics.X-CUBE-AZRTOS-F4.1.1.0
2026-09-23 20:16:26,915 [WARN] PackLoader:238 - Cannot read IP mode file for STMicroelectronics.X-CUBE-ISPU.2.1.0
2026-09-23 20:16:26,923 [ERROR] Engine:463 - C:\Users\DELL\.stm32cubemx\thirdparties\pdsc\STMicroelectronics.X-CUBE-IPS.3.2.0.pdsc: PDSC version is not supported
2026-09-23 20:16:26,925 [ERROR] Engine:463 - C:\Users\DELL\.stm32cubemx\thirdparties\pdsc\STMicroelectronics.eDS-WB_DPC_TT-BIDIR.2.1.1.pdsc: PDSC version is not supported
2026-09-23 20:16:26,936 [WARN] PackLoader:238 - Cannot read IP mode file for STMicroelectronics.X-CUBE-NFC12.1.0.0
2026-09-23 20:16:26,942 [ERROR] LogOutputStream:74 - [STDERR_REDIRECT] [Fatal Error] :1:1: Premature end of file.
2026-09-23 20:16:26,945 [ERROR] LogOutputStream:74 - [STDERR_REDIRECT] 
2026-09-23 20:16:26,965 [WARN] PackLoader:238 - Cannot read IP mode file for STMicroelectronics.X-CUBE-AZRTOS-L5.2.0.0
2026-09-23 20:16:26,980 [WARN] PackLoader:238 - Cannot read IP mode file for STMicroelectronics.X-CUBE-ALGOBUILD.1.5.0
2026-09-23 20:16:26,980 [ERROR] Engine:463 - C:\Users\DELL\.stm32cubemx\thirdparties\pdsc\STMicroelectronics.eDS-WB_DPC_VIENNA.1.2.0.pdsc: PDSC version is not supported
2026-09-23 20:16:27,083 [WARN] PackLoader:238 - Cannot read IP mode file for STMicroelectronics.X-CUBE-MEMS1.13.0.0
2026-09-23 20:16:27,348 [ERROR] Engine:463 - C:\Users\DELL\.stm32cubemx\thirdparties\pdsc\STMicroelectronics.eDS-WB_DPC_3PH2L-BIDIR.1.1.1.pdsc: PDSC version is not supported
2026-09-23 20:16:27,349 [ERROR] Engine:463 - C:\Users\DELL\.stm32cubemx\thirdparties\pdsc\STMicroelectronics.X-CUBE-ST67W61.1.3.0.pdsc: PDSC version is not supported
2026-09-23 20:16:27,361 [WARN] PackLoader:238 - Cannot read IP mode file for STMicroelectronics.X-CUBE-TOUCHGFX.4.26.1
2026-09-23 20:16:27,387 [ERROR] Engine:463 - C:\Users\DELL\.stm32cubemx\thirdparties\pdsc\STMicroelectronics.X-CUBE-DPower.1.3.0.pdsc: PDSC version is not supported
2026-09-23 20:16:27,417 [WARN] ConditionMgr:437 - getConditionDescription Invalid condition id : LAN8742 Phy interface Condition cause : null
2026-09-23 20:16:27,417 [WARN] PackLoader:238 - Cannot read IP mode file for STMicroelectronics.X-CUBE-AZRTOS-L4.2.0.0
2026-09-23 20:16:27,417 [WARN] ConditionMgr:1038 - genDependencies : Invalid condition id : LAN8742 Phy interface Condition cause : null
2026-09-23 20:16:27,417 [WARN] ConditionMgr:1038 - genDependencies : Invalid condition id : LAN8742 Phy interface Condition cause : null
2026-09-23 20:16:27,422 [WARN] ConditionMgr:1038 - genDependencies : Invalid condition id : LAN8742 Phy interface Condition cause : null
2026-09-23 20:16:27,426 [WARN] PackLoader:238 - Cannot read IP mode file for STMicroelectronics.X-CUBE-SFXS2LP1.4.0.0
2026-09-23 20:16:27,441 [WARN] PackLoader:238 - Cannot read IP mode file for STMicroelectronics.X-CUBE-WB05N.2.1.0
2026-09-23 20:16:27,506 [WARN] ConditionMgr:437 - getConditionDescription Invalid condition id : UX DEVICE CLASS RTOS Condition cause : null
2026-09-23 20:16:27,507 [WARN] ConditionMgr:437 - getConditionDescription Invalid condition id : UX DEVICE CLASS RTOS Condition cause : null
2026-09-23 20:16:27,512 [WARN] PackLoader:238 - Cannot read IP mode file for STMicroelectronics.X-CUBE-AZRTOS-WB.2.0.0
2026-09-23 20:16:27,514 [WARN] ConditionMgr:1038 - genDependencies : Invalid condition id : UX DEVICE CLASS RTOS Condition cause : null
2026-09-23 20:16:27,514 [WARN] ConditionMgr:1038 - genDependencies : Invalid condition id : UX DEVICE CLASS RTOS Condition cause : null
2026-09-23 20:16:27,515 [WARN] ConditionMgr:1038 - genDependencies : Invalid condition id : UX DEVICE CLASS RTOS Condition cause : null
2026-09-23 20:16:27,516 [WARN] ConditionMgr:1038 - genDependencies : Invalid condition id : UX DEVICE CLASS RTOS Condition cause : null
2026-09-23 20:16:27,516 [WARN] ConditionMgr:1038 - genDependencies : Invalid condition id : UX DEVICE CLASS RTOS Condition cause : null
2026-09-23 20:16:27,522 [ERROR] Engine:463 - C:\Users\DELL\.stm32cubemx\thirdparties\pdsc\quantropi.X-CUBE-qispace-sdk-base.2.1.0.pdsc: PDSC version is not supported
2026-09-23 20:16:27,541 [WARN] PackLoader:238 - Cannot read IP mode file for STMicroelectronics.X-CUBE-STSE01.2.0.0
2026-09-23 20:16:27,571 [WARN] PackLoader:238 - Cannot read IP mode file for STMicroelectronics.X-CUBE-SUBG2.5.0.0
2026-09-23 20:16:27,637 [WARN] PackLoader:238 - Cannot read IP mode file for STMicroelectronics.X-CUBE-AZRTOS-G4.2.0.0
2026-09-23 20:16:27,645 [WARN] PackLoader:238 - Cannot read IP mode file for wolfSSL.I-CUBE-wolfSSH.1.4.20
2026-09-23 20:16:27,654 [WARN] PackLoader:238 - Cannot read IP mode file for STMicroelectronics.X-CUBE-NFC7.2.0.0
2026-09-23 20:16:27,663 [ERROR] Engine:463 - C:\Users\DELL\.stm32cubemx\thirdparties\pdsc\STMicroelectronics.X-CUBE-BLEMGR.4.2.0.pdsc: PDSC version is not supported
2026-09-23 20:16:27,667 [ERROR] Engine:463 - C:\Users\DELL\.stm32cubemx\thirdparties\pdsc\STMicroelectronics.X-CUBE-ALS.1.0.2.pdsc: PDSC version is not supported
2026-09-23 20:16:27,678 [ERROR] Engine:463 - C:\Users\DELL\.stm32cubemx\thirdparties\pdsc\STMicroelectronics.X-CUBE-TOF1.3.4.3.pdsc: PDSC version is not supported
2026-09-23 20:16:27,678 [INFO] ThirdParty:915 - Integrity check success = true
2026-09-23 20:16:27,678 [INFO] IntegrityCheckThread:94 - exiting critical section [integrity check]
2026-09-23 20:16:27,678 [INFO] IntegrityCheckThread:97 - End integrity checks thread
2026-09-23 20:16:27,778 [INFO] DbMcusJson:93 - JSON generation date=Mon Jun 07 15:53:21 ICT 2021 (1623056001)
2026-09-23 20:16:27,929 [ERROR] LogOutputStream:74 - [STDERR_REDIRECT] [Fatal Error] :1:1: Premature end of file.
2026-09-23 20:16:27,929 [ERROR] LogOutputStream:74 - [STDERR_REDIRECT] 
2026-09-23 20:16:28,636 [INFO] DbMcus:175 - Found 1951 MCUs (1903 are supported by CubeMX, 1903 are visible in CubeMX)
2026-09-23 20:16:28,636 [INFO] ApiDb:251 - Load user favorites file C:\Users\DELL/.stm32cubeide/favorites.mcus.txt: 0 item(s)
2026-09-23 20:16:28,636 [INFO] ApiDb:255 - User favorites MCUs=[]
2026-09-23 20:16:28,636 [INFO] DbMcus:187 - Set 0 / 0 favorites MCUs
2026-09-23 20:16:28,920 [ERROR] LogOutputStream:74 - [STDERR_REDIRECT] [Fatal Error] :1:1: Premature end of file.
2026-09-23 20:16:28,920 [ERROR] LogOutputStream:74 - [STDERR_REDIRECT] 
2026-09-23 20:16:29,224 [INFO] DbMcusDocs:79 - Found 669 MCUs documents
2026-09-23 20:16:29,224 [INFO] ApiDb:276 - Save user favorites file C:\Users\DELL/.stm32cubeide/favorites.mcus.txt: 0 item(s)
2026-09-23 20:16:29,224 [INFO] ApiDb:280 - User favorites MCUs=[]
2026-09-23 20:16:29,224 [INFO] DbMcusXml:100 - Load MCU database from D:\VXL\STM32CubeIDE_1.7.0\STM32CubeIDE\plugins\com.st.stm32cube.common.mx_6.3.0.202107141111\\db\/mcu/families.xml
2026-09-23 20:16:29,961 [ERROR] LogOutputStream:74 - [STDERR_REDIRECT] [Fatal Error] :1:1: Premature end of file.
2026-09-23 20:16:29,961 [ERROR] LogOutputStream:74 - [STDERR_REDIRECT] 
2026-09-23 20:16:30,179 [INFO] DbMcusJson:93 - JSON generation date=Mon Jun 07 15:53:21 ICT 2021 (1623056001)
2026-09-23 20:16:30,927 [ERROR] LogOutputStream:74 - [STDERR_REDIRECT] [Fatal Error] :1:1: Premature end of file.
2026-09-23 20:16:30,927 [ERROR] LogOutputStream:74 - [STDERR_REDIRECT] 
2026-09-23 20:16:30,975 [INFO] DbMcus:175 - Found 1951 MCUs (1903 are supported by CubeMX, 1903 are visible in CubeMX)
2026-09-23 20:16:30,975 [INFO] ApiDb:251 - Load user favorites file C:\Users\DELL/.stm32cubeide/favorites.mcus.txt: 0 item(s)
2026-09-23 20:16:30,975 [INFO] ApiDb:255 - User favorites MCUs=[]
2026-09-23 20:16:30,975 [INFO] DbMcus:187 - Set 0 / 0 favorites MCUs
2026-09-23 20:16:31,006 [INFO] DbBoardsDocs:143 - JSON generation date=Tue Jun 01 12:52:40 ICT 2021 (1622526760)
2026-09-23 20:16:31,032 [INFO] DbBoardsPdsc:90 - Found 25 items
2026-09-23 20:16:31,034 [INFO] DbBoardsPdsc:90 - Found 9 items
2026-09-23 20:16:31,040 [INFO] DbBoardsPdsc:90 - Found 33 items
2026-09-23 20:16:31,042 [INFO] DbBoardsPdsc:90 - Found 1 items
2026-09-23 20:16:31,054 [INFO] DbBoardsPdsc:90 - Found 48 items
2026-09-23 20:16:31,073 [INFO] DbBoardsPdsc:90 - Found 43 items
2026-09-23 20:16:31,073 [INFO] DbBoardsPdsc:90 - Found 2 items
2026-09-23 20:16:31,073 [INFO] DbBoardsPdsc:90 - Found 5 items
2026-09-23 20:16:31,085 [WARN] DbBoardsPdsc:254 - Board STM32H7B3I-DK: unknown feature type=Audio, name=, username=Audio stereo codec with Headphone Amp (CS42L51-CNZ), n=1
2026-09-23 20:16:31,087 [WARN] DbBoardsPdsc:254 - Board STM32H735G-DK: unknown feature type=Audio, name=, username=Audio stereo codec with Headphone Amp (WM8994ECS/R), n=1
2026-09-23 20:16:31,090 [WARN] DbBoardsPdsc:254 - Board STM32H7B3I-EVAL: unknown feature type=Audio, name=, username=Multi-Channel Audio Codec (CS42L51-CNZ), n=1
2026-09-23 20:16:31,090 [WARN] DbBoardsPdsc:254 - Board STM32H7B3I-EVAL: unknown feature type=Meter, name=, username=Power-metering and Temperature-monitoring with sigma-delta modulators, n=1
2026-09-23 20:16:31,090 [WARN] DbBoardsPdsc:254 - Board STM32H7B3I-EVAL: unknown feature type=Motor, name=, username=Motor Control, n=1
2026-09-23 20:16:31,092 [WARN] DbBoardsPdsc:254 - Board STM32U575I-EV: unknown feature type=joystick, name=, username=4-direction joystick with selection button, n=1
2026-09-23 20:16:31,103 [INFO] DbBoardsJson:86 - JSON generation date=Tue Jun 01 12:52:40 ICT 2021 (1622526760)
2026-09-23 20:16:31,133 [INFO] DbBoards:117 - Found 166 boards (163 are supported by CubeMX)
2026-09-23 20:16:31,153 [INFO] DbBoardsDocs:143 - JSON generation date=Tue Jun 01 12:52:40 ICT 2021 (1622526760)
2026-09-23 20:16:31,170 [INFO] DbBoardsDocs:79 - Found 193 boards documents
2026-09-23 20:16:31,170 [WARN] DbBoards:127 - board B-L462E-CELL1 has no document id list !
2026-09-23 20:16:31,178 [WARN] DbBoards:127 - board B-L475E-IOT01A2 has no document id list !
2026-09-23 20:16:31,178 [WARN] DbBoards:127 - board B-U585I-IOT02A has no document id list !
2026-09-23 20:16:31,178 [WARN] DbBoards:127 - board NUCLEO-G0B1RE has no document id list !
2026-09-23 20:16:31,178 [WARN] DbBoards:127 - board NUCLEO-H743ZI has no document id list !
2026-09-23 20:16:31,180 [WARN] DbBoards:127 - board NUCLEO-L4A6ZG has no document id list !
2026-09-23 20:16:31,180 [WARN] DbBoards:127 - board NUCLEO-U575ZI-Q has no document id list !
2026-09-23 20:16:31,180 [WARN] DbBoards:127 - board NUCLEO-WB15CC has no document id list !
2026-09-23 20:16:31,180 [WARN] DbBoards:127 - board NUCLEO-WB55RG has no document id list !
2026-09-23 20:16:31,180 [WARN] DbBoards:127 - board NUCLEO-WL55JC2 has no document id list !
2026-09-23 20:16:31,182 [WARN] DbBoards:127 - board P-NUCLEO-WB55-Nucleo has no document id list !
2026-09-23 20:16:31,182 [WARN] DbBoards:127 - board P-NUCLEO-WB55-USBDongle has no document id list !
2026-09-23 20:16:31,182 [WARN] DbBoards:127 - board STEVAL-BFA001V1B has no document id list !
2026-09-23 20:16:31,182 [WARN] DbBoards:127 - board STEVAL-BFA001V2B has no document id list !
2026-09-23 20:16:31,182 [WARN] DbBoards:127 - board STEVAL-IDP005V1 has no document id list !
2026-09-23 20:16:31,182 [WARN] DbBoards:127 - board STEVAL-IDP005V2 has no document id list !
2026-09-23 20:16:31,182 [WARN] DbBoards:127 - board STEVAL-MKSBOX1V1 has no document id list !
2026-09-23 20:16:31,182 [WARN] DbBoards:127 - board STEVAL-STWINKT1 has no document id list !
2026-09-23 20:16:31,182 [WARN] DbBoards:127 - board STEVAL-STWINKT1B has no document id list !
2026-09-23 20:16:31,182 [WARN] DbBoards:127 - board STM32F401C-DISCO has no document id list !
2026-09-23 20:16:31,182 [WARN] DbBoards:127 - board STM32F769I-DISC1 has no document id list !
2026-09-23 20:16:31,182 [WARN] DbBoards:127 - board STM32G0C1E-EV has no document id list !
2026-09-23 20:16:31,182 [WARN] DbBoards:127 - board STM32G474E-EVAL1 has no document id list !
2026-09-23 20:16:31,182 [WARN] DbBoards:127 - board STM32H743I-EVAL2 has no document id list !
2026-09-23 20:16:31,182 [WARN] DbBoards:127 - board STM32H747I-DISC1 has no document id list !
2026-09-23 20:16:31,182 [WARN] DbBoards:127 - board STM32H753I-EVAL2 has no document id list !
2026-09-23 20:16:31,182 [WARN] DbBoards:127 - board STM32L-DISCOVERY has no document id list !
2026-09-23 20:16:31,182 [WARN] DbBoards:127 - board STM32MP157A-DK1 has no document id list !
2026-09-23 20:16:31,182 [WARN] DbBoards:127 - board STM32MP157D-DK1 has no document id list !
2026-09-23 20:16:31,182 [WARN] DbBoards:127 - board STM32MP157D-EV1 has no document id list !
2026-09-23 20:16:31,182 [WARN] DbBoards:127 - board STM32MP157F-DK2 has no document id list !
2026-09-23 20:16:31,182 [WARN] DbBoards:127 - board STM32MP157F-EV1 has no document id list !
2026-09-23 20:16:31,182 [WARN] DbBoards:127 - board STM32U575I-EV has no document id list !
2026-09-23 20:16:31,182 [WARN] DbBoards:127 - board STM32WB5MM-DK has no document id list !
2026-09-23 20:16:31,913 [ERROR] LogOutputStream:74 - [STDERR_REDIRECT] [Fatal Error] :1:1: Premature end of file.
2026-09-23 20:16:31,913 [ERROR] LogOutputStream:74 - [STDERR_REDIRECT] 
2026-09-23 20:16:32,916 [ERROR] LogOutputStream:74 - [STDERR_REDIRECT] [Fatal Error] :1:1: Premature end of file.
2026-09-23 20:16:32,916 [ERROR] LogOutputStream:74 - [STDERR_REDIRECT] 
2026-09-23 20:16:33,488 [INFO] ApiDb:251 - Load user favorites file C:\Users\DELL/.stm32cubeide/favorites.boards.txt: 0 item(s)
2026-09-23 20:16:33,488 [INFO] ApiDb:255 - User favorites Boards=[]
2026-09-23 20:16:33,488 [INFO] DbBoards:206 - Set 0 / 0 favorites Boards
2026-09-23 20:16:33,503 [INFO] DbBoardsDocs:79 - Found 386 boards documents
2026-09-23 20:16:33,503 [INFO] ApiDb:276 - Save user favorites file C:\Users\DELL/.stm32cubeide/favorites.boards.txt: 0 item(s)
2026-09-23 20:16:33,503 [INFO] ApiDb:280 - User favorites Boards=[]
2026-09-23 20:16:33,503 [INFO] DbBoardsPdsc:90 - Found 25 items
2026-09-23 20:16:33,503 [INFO] DbBoardsPdsc:90 - Found 9 items
2026-09-23 20:16:33,519 [INFO] DbBoardsPdsc:90 - Found 33 items
2026-09-23 20:16:33,519 [INFO] DbBoardsPdsc:90 - Found 1 items
2026-09-23 20:16:33,519 [INFO] DbBoardsPdsc:90 - Found 48 items
2026-09-23 20:16:33,519 [INFO] DbBoardsPdsc:90 - Found 43 items
2026-09-23 20:16:33,519 [INFO] DbBoardsPdsc:90 - Found 2 items
2026-09-23 20:16:33,519 [INFO] DbBoardsPdsc:90 - Found 5 items
2026-09-23 20:16:33,535 [WARN] DbBoardsPdsc:254 - Board STM32H7B3I-DK: unknown feature type=Audio, name=, username=Audio stereo codec with Headphone Amp (CS42L51-CNZ), n=1
2026-09-23 20:16:33,535 [WARN] DbBoardsPdsc:254 - Board STM32H735G-DK: unknown feature type=Audio, name=, username=Audio stereo codec with Headphone Amp (WM8994ECS/R), n=1
2026-09-23 20:16:33,537 [WARN] DbBoardsPdsc:254 - Board STM32H7B3I-EVAL: unknown feature type=Audio, name=, username=Multi-Channel Audio Codec (CS42L51-CNZ), n=1
2026-09-23 20:16:33,537 [WARN] DbBoardsPdsc:254 - Board STM32H7B3I-EVAL: unknown feature type=Meter, name=, username=Power-metering and Temperature-monitoring with sigma-delta modulators, n=1
2026-09-23 20:16:33,537 [WARN] DbBoardsPdsc:254 - Board STM32H7B3I-EVAL: unknown feature type=Motor, name=, username=Motor Control, n=1
2026-09-23 20:16:33,539 [WARN] DbBoardsPdsc:254 - Board STM32U575I-EV: unknown feature type=joystick, name=, username=4-direction joystick with selection button, n=1
2026-09-23 20:16:33,553 [INFO] DbBoardsJson:86 - JSON generation date=Tue Jun 01 12:52:40 ICT 2021 (1622526760)
2026-09-23 20:16:33,557 [INFO] DbBoards:117 - Found 166 boards (163 are supported by CubeMX)
2026-09-23 20:16:33,557 [WARN] DbBoards:127 - board B-L462E-CELL1 has no document id list !
2026-09-23 20:16:33,557 [WARN] DbBoards:127 - board B-L475E-IOT01A2 has no document id list !
2026-09-23 20:16:33,557 [WARN] DbBoards:127 - board B-U585I-IOT02A has no document id list !
2026-09-23 20:16:33,557 [WARN] DbBoards:127 - board NUCLEO-G0B1RE has no document id list !
2026-09-23 20:16:33,557 [WARN] DbBoards:127 - board NUCLEO-H743ZI has no document id list !
2026-09-23 20:16:33,557 [WARN] DbBoards:127 - board NUCLEO-L4A6ZG has no document id list !
2026-09-23 20:16:33,557 [WARN] DbBoards:127 - board NUCLEO-U575ZI-Q has no document id list !
2026-09-23 20:16:33,557 [WARN] DbBoards:127 - board NUCLEO-WB15CC has no document id list !
2026-09-23 20:16:33,557 [WARN] DbBoards:127 - board NUCLEO-WB55RG has no document id list !
2026-09-23 20:16:33,557 [WARN] DbBoards:127 - board NUCLEO-WL55JC2 has no document id list !
2026-09-23 20:16:33,557 [WARN] DbBoards:127 - board P-NUCLEO-WB55-Nucleo has no document id list !
2026-09-23 20:16:33,557 [WARN] DbBoards:127 - board P-NUCLEO-WB55-USBDongle has no document id list !
2026-09-23 20:16:33,557 [WARN] DbBoards:127 - board STEVAL-BFA001V1B has no document id list !
2026-09-23 20:16:33,557 [WARN] DbBoards:127 - board STEVAL-BFA001V2B has no document id list !
2026-09-23 20:16:33,557 [WARN] DbBoards:127 - board STEVAL-IDP005V1 has no document id list !
2026-09-23 20:16:33,557 [WARN] DbBoards:127 - board STEVAL-IDP005V2 has no document id list !
2026-09-23 20:16:33,557 [WARN] DbBoards:127 - board STEVAL-MKSBOX1V1 has no document id list !
2026-09-23 20:16:33,557 [WARN] DbBoards:127 - board STEVAL-STWINKT1 has no document id list !
2026-09-23 20:16:33,557 [WARN] DbBoards:127 - board STEVAL-STWINKT1B has no document id list !
2026-09-23 20:16:33,557 [WARN] DbBoards:127 - board STM32F401C-DISCO has no document id list !
2026-09-23 20:16:33,557 [WARN] DbBoards:127 - board STM32F769I-DISC1 has no document id list !
2026-09-23 20:16:33,557 [WARN] DbBoards:127 - board STM32G0C1E-EV has no document id list !
2026-09-23 20:16:33,557 [WARN] DbBoards:127 - board STM32G474E-EVAL1 has no document id list !
2026-09-23 20:16:33,557 [WARN] DbBoards:127 - board STM32H743I-EVAL2 has no document id list !
2026-09-23 20:16:33,557 [WARN] DbBoards:127 - board STM32H747I-DISC1 has no document id list !
2026-09-23 20:16:33,557 [WARN] DbBoards:127 - board STM32H753I-EVAL2 has no document id list !
2026-09-23 20:16:33,557 [WARN] DbBoards:127 - board STM32L-DISCOVERY has no document id list !
2026-09-23 20:16:33,557 [WARN] DbBoards:127 - board STM32MP157A-DK1 has no document id list !
2026-09-23 20:16:33,557 [WARN] DbBoards:127 - board STM32MP157D-DK1 has no document id list !
2026-09-23 20:16:33,557 [WARN] DbBoards:127 - board STM32MP157D-EV1 has no document id list !
2026-09-23 20:16:33,557 [WARN] DbBoards:127 - board STM32MP157F-DK2 has no document id list !
2026-09-23 20:16:33,557 [WARN] DbBoards:127 - board STM32MP157F-EV1 has no document id list !
2026-09-23 20:16:33,557 [WARN] DbBoards:127 - board STM32U575I-EV has no document id list !
2026-09-23 20:16:33,557 [WARN] DbBoards:127 - board STM32WB5MM-DK has no document id list !
2026-09-23 20:16:33,919 [ERROR] LogOutputStream:74 - [STDERR_REDIRECT] [Fatal Error] :1:1: Premature end of file.
2026-09-23 20:16:33,919 [ERROR] LogOutputStream:74 - [STDERR_REDIRECT] 
2026-09-23 20:16:34,921 [ERROR] LogOutputStream:74 - [STDERR_REDIRECT] [Fatal Error] :1:1: Premature end of file.
2026-09-23 20:16:34,921 [ERROR] LogOutputStream:74 - [STDERR_REDIRECT] 
2026-09-23 20:16:35,225 [INFO] ApiDb:251 - Load user favorites file C:\Users\DELL/.stm32cubeide/favorites.boards.txt: 0 item(s)
2026-09-23 20:16:35,225 [INFO] ApiDb:255 - User favorites Boards=[]
2026-09-23 20:16:35,225 [INFO] DbBoards:206 - Set 0 / 0 favorites Boards
2026-09-23 20:16:35,227 [ERROR] TargetSelectorAdapter:232 - Unable to refresh data
2026-09-23 20:16:35,382 [INFO] McuFinderGlobals:52 - Set McuFinderConnectedMode to false
2026-09-23 20:16:35,527 [INFO] CrossSelectorPresenter:1330 - Cross Selector saved comparison directory: C:\Users\DELL\.stmcufinder\plugins\mcufinder\mcu\cs_comparisons_mx
2026-09-23 20:16:35,527 [INFO] MultiScanPanel:197 - Auto-refresh data requested => check proxy status ongoing
2026-09-23 20:16:35,527 [INFO] MultiScanPanel:201 - Proxy status is invalid
2026-09-23 20:16:35,542 [INFO] FinderPluginLoader:87 - Searching for filters in installed packs
2026-09-23 20:16:35,929 [ERROR] LogOutputStream:74 - [STDERR_REDIRECT] [Fatal Error] :1:1: Premature end of file.
2026-09-23 20:16:35,929 [ERROR] LogOutputStream:74 - [STDERR_REDIRECT] 
2026-09-23 20:16:36,164 [WARN] DetailPanel:314 - Failed to get advertising image, set to default
2026-09-23 20:16:36,915 [ERROR] LogOutputStream:74 - [STDERR_REDIRECT] [Fatal Error] :1:1: Premature end of file.
2026-09-23 20:16:36,915 [ERROR] LogOutputStream:74 - [STDERR_REDIRECT] 
2026-09-23 20:16:37,919 [ERROR] LogOutputStream:74 - [STDERR_REDIRECT] [Fatal Error] :1:1: Premature end of file.
2026-09-23 20:16:37,919 [ERROR] LogOutputStream:74 - [STDERR_REDIRECT] 
2026-09-23 20:16:38,900 [ERROR] LogOutputStream:74 - [STDERR_REDIRECT] [Fatal Error] :1:1: Premature end of file.
2026-09-23 20:16:38,900 [ERROR] LogOutputStream:74 - [STDERR_REDIRECT] 
2026-09-23 20:16:39,921 [ERROR] LogOutputStream:74 - [STDERR_REDIRECT] [Fatal Error] :1:1: Premature end of file.
2026-09-23 20:16:39,921 [ERROR] LogOutputStream:74 - [STDERR_REDIRECT] 
2026-09-23 20:16:40,916 [ERROR] LogOutputStream:74 - [STDERR_REDIRECT] [Fatal Error] :1:1: Premature end of file.
2026-09-23 20:16:40,916 [ERROR] LogOutputStream:74 - [STDERR_REDIRECT] 
2026-09-23 20:16:41,909 [ERROR] LogOutputStream:74 - [STDERR_REDIRECT] [Fatal Error] :1:1: Premature end of file.
2026-09-23 20:16:41,909 [ERROR] LogOutputStream:74 - [STDERR_REDIRECT] 
2026-09-23 20:16:42,901 [ERROR] LogOutputStream:74 - [STDERR_REDIRECT] [Fatal Error] :1:1: Premature end of file.
2026-09-23 20:16:42,901 [ERROR] LogOutputStream:74 - [STDERR_REDIRECT] 
2026-09-23 20:16:43,923 [ERROR] LogOutputStream:74 - [STDERR_REDIRECT] [Fatal Error] :1:1: Premature end of file.
2026-09-23 20:16:43,923 [ERROR] LogOutputStream:74 - [STDERR_REDIRECT] 
2026-09-23 20:16:44,926 [ERROR] LogOutputStream:74 - [STDERR_REDIRECT] [Fatal Error] :1:1: Premature end of file.
2026-09-23 20:16:44,926 [ERROR] LogOutputStream:74 - [STDERR_REDIRECT] 
2026-09-23 20:16:45,923 [ERROR] LogOutputStream:74 - [STDERR_REDIRECT] [Fatal Error] :1:1: Premature end of file.
2026-09-23 20:16:45,923 [ERROR] LogOutputStream:74 - [STDERR_REDIRECT] 
2026-09-23 20:16:46,918 [ERROR] LogOutputStream:74 - [STDERR_REDIRECT] [Fatal Error] :1:1: Premature end of file.
2026-09-23 20:16:46,918 [ERROR] LogOutputStream:74 - [STDERR_REDIRECT] 
2026-09-23 20:16:47,896 [ERROR] LogOutputStream:74 - [STDERR_REDIRECT] [Fatal Error] :1:1: Premature end of file.
2026-09-23 20:16:47,896 [ERROR] LogOutputStream:74 - [STDERR_REDIRECT] 
2026-09-23 20:16:48,906 [ERROR] LogOutputStream:74 - [STDERR_REDIRECT] [Fatal Error] :1:1: Premature end of file.
2026-09-23 20:16:48,906 [ERROR] LogOutputStream:74 - [STDERR_REDIRECT] 
2026-09-23 20:16:49,898 [ERROR] LogOutputStream:74 - [STDERR_REDIRECT] [Fatal Error] :1:1: Premature end of file.
2026-09-23 20:16:49,898 [ERROR] LogOutputStream:74 - [STDERR_REDIRECT] 
2026-09-23 20:16:50,925 [ERROR] LogOutputStream:74 - [STDERR_REDIRECT] [Fatal Error] :1:1: Premature end of file.
2026-09-23 20:16:50,925 [ERROR] LogOutputStream:74 - [STDERR_REDIRECT] 
2026-09-23 20:16:51,918 [ERROR] LogOutputStream:74 - [STDERR_REDIRECT] [Fatal Error] :1:1: Premature end of file.
2026-09-23 20:16:51,918 [ERROR] LogOutputStream:74 - [STDERR_REDIRECT] 
2026-09-23 20:16:52,921 [ERROR] LogOutputStream:74 - [STDERR_REDIRECT] [Fatal Error] :1:1: Premature end of file.
2026-09-23 20:16:52,921 [ERROR] LogOutputStream:74 - [STDERR_REDIRECT] 
2026-09-23 20:16:53,915 [ERROR] LogOutputStream:74 - [STDERR_REDIRECT] [Fatal Error] :1:1: Premature end of file.
2026-09-23 20:16:53,915 [ERROR] LogOutputStream:74 - [STDERR_REDIRECT] 
2026-09-23 20:16:54,940 [ERROR] LogOutputStream:74 - [STDERR_REDIRECT] [Fatal Error] :1:1: Premature end of file.
2026-09-23 20:16:54,940 [ERROR] LogOutputStream:74 - [STDERR_REDIRECT] 
2026-09-23 20:16:55,927 [ERROR] LogOutputStream:74 - [STDERR_REDIRECT] [Fatal Error] :1:1: Premature end of file.
2026-09-23 20:16:55,927 [ERROR] LogOutputStream:74 - [STDERR_REDIRECT] 
2026-09-23 20:16:56,918 [ERROR] LogOutputStream:74 - [STDERR_REDIRECT] [Fatal Error] :1:1: Premature end of file.
2026-09-23 20:16:56,918 [ERROR] LogOutputStream:74 - [STDERR_REDIRECT] 
2026-09-23 20:16:57,925 [ERROR] LogOutputStream:74 - [STDERR_REDIRECT] [Fatal Error] :1:1: Premature end of file.
2026-09-23 20:16:57,925 [ERROR] LogOutputStream:74 - [STDERR_REDIRECT] 
2026-09-23 20:16:58,928 [ERROR] LogOutputStream:74 - [STDERR_REDIRECT] [Fatal Error] :1:1: Premature end of file.
2026-09-23 20:16:58,931 [ERROR] LogOutputStream:74 - [STDERR_REDIRECT] 
2026-09-23 20:16:59,921 [ERROR] LogOutputStream:74 - [STDERR_REDIRECT] [Fatal Error] :1:1: Premature end of file.
2026-09-23 20:16:59,921 [ERROR] LogOutputStream:74 - [STDERR_REDIRECT] 
2026-09-23 20:17:00,919 [ERROR] LogOutputStream:74 - [STDERR_REDIRECT] [Fatal Error] :1:1: Premature end of file.
2026-09-23 20:17:00,919 [ERROR] LogOutputStream:74 - [STDERR_REDIRECT] 
2026-09-23 20:17:01,254 [WARN] IntegrityCheckThread:78 - waiting for thirdparty lock release [integrity check]
2026-09-23 20:17:01,254 [INFO] IntegrityCheckThread:80 - entering critical section [integrity check]
2026-09-23 20:17:01,365 [WARN] PackLoader:238 - Cannot read IP mode file for STMicroelectronics.X-CUBE-AZRTOS-H7.3.5.0
2026-09-23 20:17:01,381 [WARN] PackLoader:238 - Cannot read IP mode file for STMicroelectronics.FP-ATR-ASTRA1.2.0.3
2026-09-23 20:17:01,381 [ERROR] Engine:463 - C:\Users\DELL\.stm32cubemx\thirdparties\pdsc\STMicroelectronics.X-CUBE-SMBUS.2.1.1.pdsc: PDSC version is not supported
2026-09-23 20:17:01,381 [WARN] PackLoader:238 - Cannot read IP mode file for STMicroelectronics.X-CUBE-AZRTOS-F7.1.1.0
2026-09-23 20:17:01,397 [ERROR] Engine:463 - C:\Users\DELL\.stm32cubemx\thirdparties\pdsc\STMicroelectronics.X-CUBE-FREERTOS.1.6.0.pdsc: PDSC version is not supported
2026-09-23 20:17:01,397 [ERROR] Engine:463 - C:\Users\DELL\.stm32cubemx\thirdparties\pdsc\STMicroelectronics.FP-SNS-MOTENV1.5.1.0.pdsc: PDSC version is not supported
2026-09-23 20:17:01,429 [WARN] PackLoader:238 - Cannot read IP mode file for STMicroelectronics.X-CUBE-AZRTOS-H7RS.1.3.0
2026-09-23 20:17:01,435 [ERROR] Engine:463 - C:\Users\DELL\.stm32cubemx\thirdparties\pdsc\WES.I-CUBE-Cesium.1.4.0.pdsc: PDSC version is not supported
2026-09-23 20:17:01,438 [ERROR] Engine:463 - C:\Users\DELL\.stm32cubemx\thirdparties\pdsc\STMicroelectronics.X-CUBE-DISPLAY.3.0.0.pdsc: PDSC version is not supported
2026-09-23 20:17:01,442 [WARN] PackLoader:238 - Cannot read IP mode file for STMicroelectronics.X-CUBE-GNSS1.7.1.1
2026-09-23 20:17:01,444 [ERROR] Engine:463 - C:\Users\DELL\.stm32cubemx\thirdparties\pdsc\STMicroelectronics.FP-SNS-MOTENVWB1.1.5.0.pdsc: PDSC version is not supported
2026-09-23 20:17:01,450 [WARN] PackLoader:238 - Cannot read IP mode file for STMicroelectronics.X-CUBE-NFC10.1.0.0
2026-09-23 20:17:01,454 [ERROR] Engine:463 - C:\Users\DELL\.stm32cubemx\thirdparties\pdsc\STMicroelectronics.X-CUBE-ST60.1.1.0.pdsc: PDSC version is not supported
2026-09-23 20:17:01,454 [ERROR] Engine:463 - C:\Users\DELL\.stm32cubemx\thirdparties\pdsc\emotas.I-CUBE-CANOPEN.1.3.0.pdsc: PDSC version is not supported
2026-09-23 20:17:01,458 [WARN] PackLoader:238 - Cannot read IP mode file for wolfSSL.I-CUBE-wolfSSL.5.9.2
2026-09-23 20:17:01,460 [ERROR] Engine:463 - C:\Users\DELL\.stm32cubemx\thirdparties\pdsc\STMicroelectronics.X-CUBE-WBA.1.1.0.pdsc: PDSC version is not supported
2026-09-23 20:17:01,462 [ERROR] Engine:463 - C:\Users\DELL\.stm32cubemx\thirdparties\pdsc\STMicroelectronics.FP-SNS-STBOX1.2.1.0.pdsc: PDSC version is not supported
2026-09-23 20:17:01,464 [ERROR] Engine:463 - C:\Users\DELL\.stm32cubemx\thirdparties\pdsc\STMicroelectronics.FP-SNS-SMARTAG2.1.2.0.pdsc: PDSC version is not supported
2026-09-23 20:17:01,466 [ERROR] Engine:463 - C:\Users\DELL\.stm32cubemx\thirdparties\pdsc\STMicroelectronics.FP-SNS-FLIGHT1.5.1.0.pdsc: PDSC version is not supported
2026-09-23 20:17:01,472 [INFO] LogOutputStream:76 - [STDOUT_REDIRECT] 1 : Invalid condition id : UX_CORESTACK_Condition cause : null
2026-09-23 20:17:01,474 [INFO] LogOutputStream:76 - [STDOUT_REDIRECT] 1 : Invalid condition id : UX_CORESTACK_Condition cause : null
2026-09-23 20:17:01,474 [INFO] LogOutputStream:76 - [STDOUT_REDIRECT] 1 : Invalid condition id : UX_CORESTACK_Condition cause : null
2026-09-23 20:17:01,474 [INFO] LogOutputStream:76 - [STDOUT_REDIRECT] 1 : Invalid condition id : UX_CORESTACK_Condition cause : null
2026-09-23 20:17:01,475 [INFO] LogOutputStream:76 - [STDOUT_REDIRECT] 1 : Invalid condition id : UX_CORESTACK_Condition cause : null
2026-09-23 20:17:01,477 [WARN] PackLoader:238 - Cannot read IP mode file for STMicroelectronics.X-CUBE-AZRTOS-WL.2.0.0
2026-09-23 20:17:01,481 [WARN] PackLoader:238 - Cannot read IP mode file for STMicroelectronics.X-CUBE-BLE2.3.3.0
2026-09-23 20:17:01,483 [ERROR] Engine:463 - C:\Users\DELL\.stm32cubemx\thirdparties\pdsc\Avnet-IOTCONNECT.X-CUBE-iotc-st67-sdk.1.0.0.pdsc: PDSC version is not supported
2026-09-23 20:17:01,485 [ERROR] Engine:463 - C:\Users\DELL\.stm32cubemx\thirdparties\pdsc\Infineon.AIROC-Wi-Fi-Bluetooth-STM32.1.8.0.pdsc: PDSC version is not supported
2026-09-23 20:17:01,493 [WARN] PackLoader:238 - Cannot read IP mode file for STMicroelectronics.X-CUBE-NFC9.1.0.0
2026-09-23 20:17:01,493 [WARN] PackLoader:238 - Cannot read IP mode file for STMicroelectronics.X-CUBE-BLE1.7.1.0
2026-09-23 20:17:01,493 [WARN] PackLoader:238 - Cannot read IP mode file for wolfSSL.I-CUBE-wolfMQTT.1.19.2
2026-09-23 20:17:01,493 [WARN] PackLoader:238 - Cannot read IP mode file for STMicroelectronics.X-CUBE-EEPRMA1.5.2.0
2026-09-23 20:17:01,521 [WARN] PackLoader:238 - Cannot read IP mode file for STMicroelectronics.X-CUBE-AZRTOS-G0.1.1.0
2026-09-23 20:17:01,526 [WARN] PackLoader:238 - Cannot read IP mode file for STMicroelectronics.X-CUBE-NFC4.3.0.0
2026-09-23 20:17:01,530 [ERROR] Engine:463 - C:\Users\DELL\.stm32cubemx\thirdparties\pdsc\EmbeddedOffice.I-CUBE-FS-RTOS.1.0.1.pdsc: PDSC version is not supported
2026-09-23 20:17:01,532 [WARN] PackLoader:238 - Cannot read IP mode file for wolfSSL.I-CUBE-wolfTPM.3.8.0
2026-09-23 20:17:01,534 [ERROR] Engine:463 - C:\Users\DELL\.stm32cubemx\thirdparties\pdsc\STMicroelectronics.X-CUBE-TCPP.4.2.0.pdsc: PDSC version is not supported
2026-09-23 20:17:01,536 [ERROR] Engine:463 - C:\Users\DELL\.stm32cubemx\thirdparties\pdsc\RealThread.X-CUBE-RT-Thread_Nano.4.1.1.pdsc: PDSC version is not supported
2026-09-23 20:17:01,538 [WARN] PackLoader:238 - Cannot read IP mode file for STMicroelectronics.FP-ATR-SIGFOX1.3.2.0
2026-09-23 20:17:01,542 [ERROR] Engine:463 - C:\Users\DELL\.stm32cubemx\thirdparties\pdsc\ITTIA_DB.I-CUBE-ITTIADB.8.9.0.pdsc: PDSC version is not supported
2026-09-23 20:17:01,544 [ERROR] Engine:463 - C:\Users\DELL\.stm32cubemx\thirdparties\pdsc\Cesanta.I-CUBE-Mongoose.7.21.7.pdsc: PDSC version is not supported
2026-09-23 20:17:01,552 [WARN] PackLoader:238 - Cannot read IP mode file for STMicroelectronics.X-CUBE-NFC6.3.2.0
2026-09-23 20:17:01,560 [WARN] PackLoader:238 - Cannot read IP mode file for STMicroelectronics.X-CUBE-AI.10.2.1
2026-09-23 20:17:01,607 [WARN] PackLoader:238 - Cannot read IP mode file for SEGGER.I-CUBE-embOS.1.3.1
2026-09-23 20:17:01,623 [ERROR] Engine:463 - C:\Users\DELL\.stm32cubemx\thirdparties\pdsc\STMicroelectronics.FP-SNS-STAIOTCFT.2.0.0.pdsc: PDSC version is not supported
2026-09-23 20:17:01,638 [WARN] PackLoader:238 - Cannot read IP mode file for STMicroelectronics.X-CUBE-NFC13.1.0.0
2026-09-23 20:17:01,638 [WARN] PackLoader:238 - Cannot read IP mode file for STMicroelectronics.X-CUBE-PM33A1.1.0.0
2026-09-23 20:17:01,670 [WARN] PackLoader:238 - Cannot read IP mode file for STMicroelectronics.X-CUBE-AZRTOS-F4.1.1.0
2026-09-23 20:17:01,674 [WARN] PackLoader:238 - Cannot read IP mode file for STMicroelectronics.X-CUBE-ISPU.2.1.0
2026-09-23 20:17:01,680 [ERROR] Engine:463 - C:\Users\DELL\.stm32cubemx\thirdparties\pdsc\STMicroelectronics.X-CUBE-IPS.3.2.0.pdsc: PDSC version is not supported
2026-09-23 20:17:01,682 [ERROR] Engine:463 - C:\Users\DELL\.stm32cubemx\thirdparties\pdsc\STMicroelectronics.eDS-WB_DPC_TT-BIDIR.2.1.1.pdsc: PDSC version is not supported
2026-09-23 20:17:01,686 [WARN] PackLoader:238 - Cannot read IP mode file for STMicroelectronics.X-CUBE-NFC12.1.0.0
2026-09-23 20:17:01,700 [WARN] PackLoader:238 - Cannot read IP mode file for STMicroelectronics.X-CUBE-AZRTOS-L5.2.0.0
2026-09-23 20:17:01,708 [WARN] PackLoader:238 - Cannot read IP mode file for STMicroelectronics.X-CUBE-ALGOBUILD.1.5.0
2026-09-23 20:17:01,710 [ERROR] Engine:463 - C:\Users\DELL\.stm32cubemx\thirdparties\pdsc\STMicroelectronics.eDS-WB_DPC_VIENNA.1.2.0.pdsc: PDSC version is not supported
2026-09-23 20:17:01,749 [WARN] PackLoader:238 - Cannot read IP mode file for STMicroelectronics.X-CUBE-MEMS1.13.0.0
2026-09-23 20:17:01,846 [ERROR] Engine:463 - C:\Users\DELL\.stm32cubemx\thirdparties\pdsc\STMicroelectronics.eDS-WB_DPC_3PH2L-BIDIR.1.1.1.pdsc: PDSC version is not supported
2026-09-23 20:17:01,846 [ERROR] Engine:463 - C:\Users\DELL\.stm32cubemx\thirdparties\pdsc\STMicroelectronics.X-CUBE-ST67W61.1.3.0.pdsc: PDSC version is not supported
2026-09-23 20:17:01,846 [WARN] PackLoader:238 - Cannot read IP mode file for STMicroelectronics.X-CUBE-TOUCHGFX.4.26.1
2026-09-23 20:17:01,846 [ERROR] Engine:463 - C:\Users\DELL\.stm32cubemx\thirdparties\pdsc\STMicroelectronics.X-CUBE-DPower.1.3.0.pdsc: PDSC version is not supported
2026-09-23 20:17:01,859 [WARN] ConditionMgr:437 - getConditionDescription Invalid condition id : LAN8742 Phy interface Condition cause : null
2026-09-23 20:17:01,859 [WARN] PackLoader:238 - Cannot read IP mode file for STMicroelectronics.X-CUBE-AZRTOS-L4.2.0.0
2026-09-23 20:17:01,859 [WARN] ConditionMgr:1038 - genDependencies : Invalid condition id : LAN8742 Phy interface Condition cause : null
2026-09-23 20:17:01,859 [WARN] ConditionMgr:1038 - genDependencies : Invalid condition id : LAN8742 Phy interface Condition cause : null
2026-09-23 20:17:01,859 [WARN] ConditionMgr:1038 - genDependencies : Invalid condition id : LAN8742 Phy interface Condition cause : null
2026-09-23 20:17:01,877 [WARN] PackLoader:238 - Cannot read IP mode file for STMicroelectronics.X-CUBE-SFXS2LP1.4.0.0
2026-09-23 20:17:01,877 [WARN] PackLoader:238 - Cannot read IP mode file for STMicroelectronics.X-CUBE-WB05N.2.1.0
2026-09-23 20:17:01,891 [WARN] ConditionMgr:437 - getConditionDescription Invalid condition id : UX DEVICE CLASS RTOS Condition cause : null
2026-09-23 20:17:01,891 [WARN] ConditionMgr:437 - getConditionDescription Invalid condition id : UX DEVICE CLASS RTOS Condition cause : null
2026-09-23 20:17:01,899 [WARN] PackLoader:238 - Cannot read IP mode file for STMicroelectronics.X-CUBE-AZRTOS-WB.2.0.0
2026-09-23 20:17:01,899 [WARN] ConditionMgr:1038 - genDependencies : Invalid condition id : UX DEVICE CLASS RTOS Condition cause : null
2026-09-23 20:17:01,899 [WARN] ConditionMgr:1038 - genDependencies : Invalid condition id : UX DEVICE CLASS RTOS Condition cause : null
2026-09-23 20:17:01,899 [WARN] ConditionMgr:1038 - genDependencies : Invalid condition id : UX DEVICE CLASS RTOS Condition cause : null
2026-09-23 20:17:01,899 [WARN] ConditionMgr:1038 - genDependencies : Invalid condition id : UX DEVICE CLASS RTOS Condition cause : null
2026-09-23 20:17:01,899 [WARN] ConditionMgr:1038 - genDependencies : Invalid condition id : UX DEVICE CLASS RTOS Condition cause : null
2026-09-23 20:17:01,902 [ERROR] Engine:463 - C:\Users\DELL\.stm32cubemx\thirdparties\pdsc\quantropi.X-CUBE-qispace-sdk-base.2.1.0.pdsc: PDSC version is not supported
2026-09-23 20:17:01,907 [WARN] PackLoader:238 - Cannot read IP mode file for STMicroelectronics.X-CUBE-STSE01.2.0.0
2026-09-23 20:17:01,912 [WARN] PackLoader:238 - Cannot read IP mode file for STMicroelectronics.X-CUBE-SUBG2.5.0.0
2026-09-23 20:17:01,912 [ERROR] LogOutputStream:74 - [STDERR_REDIRECT] [Fatal Error] :1:1: Premature end of file.
2026-09-23 20:17:01,912 [ERROR] LogOutputStream:74 - [STDERR_REDIRECT] 
2026-09-23 20:17:01,928 [WARN] PackLoader:238 - Cannot read IP mode file for STMicroelectronics.X-CUBE-AZRTOS-G4.2.0.0
2026-09-23 20:17:01,938 [WARN] PackLoader:238 - Cannot read IP mode file for wolfSSL.I-CUBE-wolfSSH.1.4.20
2026-09-23 20:17:01,940 [WARN] PackLoader:238 - Cannot read IP mode file for STMicroelectronics.X-CUBE-NFC7.2.0.0
2026-09-23 20:17:01,944 [ERROR] Engine:463 - C:\Users\DELL\.stm32cubemx\thirdparties\pdsc\STMicroelectronics.X-CUBE-BLEMGR.4.2.0.pdsc: PDSC version is not supported
2026-09-23 20:17:01,944 [ERROR] Engine:463 - C:\Users\DELL\.stm32cubemx\thirdparties\pdsc\STMicroelectronics.X-CUBE-ALS.1.0.2.pdsc: PDSC version is not supported
2026-09-23 20:17:01,948 [ERROR] Engine:463 - C:\Users\DELL\.stm32cubemx\thirdparties\pdsc\STMicroelectronics.X-CUBE-TOF1.3.4.3.pdsc: PDSC version is not supported
2026-09-23 20:17:01,948 [INFO] ThirdParty:915 - Integrity check success = true
2026-09-23 20:17:01,948 [INFO] IntegrityCheckThread:94 - exiting critical section [integrity check]
2026-09-23 20:17:01,948 [INFO] IntegrityCheckThread:97 - End integrity checks thread
2026-09-23 20:17:02,918 [ERROR] LogOutputStream:74 - [STDERR_REDIRECT] [Fatal Error] :1:1: Premature end of file.
2026-09-23 20:17:02,918 [ERROR] LogOutputStream:74 - [STDERR_REDIRECT] 
2026-09-23 20:17:03,924 [ERROR] LogOutputStream:74 - [STDERR_REDIRECT] [Fatal Error] :1:1: Premature end of file.
2026-09-23 20:17:03,924 [ERROR] LogOutputStream:74 - [STDERR_REDIRECT] 
2026-09-23 20:17:04,918 [ERROR] LogOutputStream:74 - [STDERR_REDIRECT] [Fatal Error] :1:1: Premature end of file.
2026-09-23 20:17:04,918 [ERROR] LogOutputStream:74 - [STDERR_REDIRECT] 
2026-09-23 20:17:05,920 [ERROR] LogOutputStream:74 - [STDERR_REDIRECT] [Fatal Error] :1:1: Premature end of file.
2026-09-23 20:17:05,920 [ERROR] LogOutputStream:74 - [STDERR_REDIRECT] 
2026-09-23 20:17:06,912 [ERROR] LogOutputStream:74 - [STDERR_REDIRECT] [Fatal Error] :1:1: Premature end of file.
2026-09-23 20:17:06,912 [ERROR] LogOutputStream:74 - [STDERR_REDIRECT] 
2026-09-23 20:17:07,926 [ERROR] LogOutputStream:74 - [STDERR_REDIRECT] [Fatal Error] :1:1: Premature end of file.
2026-09-23 20:17:07,926 [ERROR] LogOutputStream:74 - [STDERR_REDIRECT] 
2026-09-23 20:17:08,904 [ERROR] LogOutputStream:74 - [STDERR_REDIRECT] [Fatal Error] :1:1: Premature end of file.
2026-09-23 20:17:08,904 [ERROR] LogOutputStream:74 - [STDERR_REDIRECT] 
2026-09-23 20:17:09,916 [ERROR] LogOutputStream:74 - [STDERR_REDIRECT] [Fatal Error] :1:1: Premature end of file.
2026-09-23 20:17:09,916 [ERROR] LogOutputStream:74 - [STDERR_REDIRECT] 
2026-09-23 20:17:10,908 [ERROR] LogOutputStream:74 - [STDERR_REDIRECT] [Fatal Error] :1:1: Premature end of file.
2026-09-23 20:17:10,908 [ERROR] LogOutputStream:74 - [STDERR_REDIRECT] 
2026-09-23 20:17:11,914 [ERROR] LogOutputStream:74 - [STDERR_REDIRECT] [Fatal Error] :1:1: Premature end of file.
2026-09-23 20:17:11,916 [ERROR] LogOutputStream:74 - [STDERR_REDIRECT] 
2026-09-23 20:17:12,909 [ERROR] LogOutputStream:74 - [STDERR_REDIRECT] [Fatal Error] :1:1: Premature end of file.
2026-09-23 20:17:12,909 [ERROR] LogOutputStream:74 - [STDERR_REDIRECT] 
2026-09-23 20:17:13,925 [ERROR] LogOutputStream:74 - [STDERR_REDIRECT] [Fatal Error] :1:1: Premature end of file.
2026-09-23 20:17:13,925 [ERROR] LogOutputStream:74 - [STDERR_REDIRECT] 
2026-09-23 20:17:14,921 [ERROR] LogOutputStream:74 - [STDERR_REDIRECT] [Fatal Error] :1:1: Premature end of file.
2026-09-23 20:17:14,921 [ERROR] LogOutputStream:74 - [STDERR_REDIRECT] 
2026-09-23 20:17:15,917 [ERROR] LogOutputStream:74 - [STDERR_REDIRECT] [Fatal Error] :1:1: Premature end of file.
2026-09-23 20:17:15,917 [ERROR] LogOutputStream:74 - [STDERR_REDIRECT] 
2026-09-23 20:17:16,914 [ERROR] LogOutputStream:74 - [STDERR_REDIRECT] [Fatal Error] :1:1: Premature end of file.
2026-09-23 20:17:16,930 [ERROR] LogOutputStream:74 - [STDERR_REDIRECT] 
2026-09-23 20:17:17,915 [ERROR] LogOutputStream:74 - [STDERR_REDIRECT] [Fatal Error] :1:1: Premature end of file.
2026-09-23 20:17:17,915 [ERROR] LogOutputStream:74 - [STDERR_REDIRECT] 
2026-09-23 20:17:18,908 [ERROR] LogOutputStream:74 - [STDERR_REDIRECT] [Fatal Error] :1:1: Premature end of file.
2026-09-23 20:17:18,908 [ERROR] LogOutputStream:74 - [STDERR_REDIRECT] 
2026-09-23 20:17:19,925 [ERROR] LogOutputStream:74 - [STDERR_REDIRECT] [Fatal Error] :1:1: Premature end of file.
2026-09-23 20:17:19,927 [ERROR] LogOutputStream:74 - [STDERR_REDIRECT] 
2026-09-23 20:17:20,922 [ERROR] LogOutputStream:74 - [STDERR_REDIRECT] [Fatal Error] :1:1: Premature end of file.
2026-09-23 20:17:20,922 [ERROR] LogOutputStream:74 - [STDERR_REDIRECT] 
2026-09-23 20:17:21,918 [ERROR] LogOutputStream:74 - [STDERR_REDIRECT] [Fatal Error] :1:1: Premature end of file.
2026-09-23 20:17:21,918 [ERROR] LogOutputStream:74 - [STDERR_REDIRECT] 
2026-09-23 20:17:22,924 [ERROR] LogOutputStream:74 - [STDERR_REDIRECT] [Fatal Error] :1:1: Premature end of file.
2026-09-23 20:17:22,924 [ERROR] LogOutputStream:74 - [STDERR_REDIRECT] 
2026-09-23 20:17:23,920 [ERROR] LogOutputStream:74 - [STDERR_REDIRECT] [Fatal Error] :1:1: Premature end of file.
2026-09-23 20:17:23,920 [ERROR] LogOutputStream:74 - [STDERR_REDIRECT] 
2026-09-23 20:17:24,922 [ERROR] LogOutputStream:74 - [STDERR_REDIRECT] [Fatal Error] :1:1: Premature end of file.
2026-09-23 20:17:24,922 [ERROR] LogOutputStream:74 - [STDERR_REDIRECT] 
2026-09-23 20:17:25,912 [ERROR] LogOutputStream:74 - [STDERR_REDIRECT] [Fatal Error] :1:1: Premature end of file.
2026-09-23 20:17:25,912 [ERROR] LogOutputStream:74 - [STDERR_REDIRECT] 
2026-09-23 20:17:26,937 [ERROR] LogOutputStream:74 - [STDERR_REDIRECT] [Fatal Error] :1:1: Premature end of file.
2026-09-23 20:17:26,940 [ERROR] LogOutputStream:74 - [STDERR_REDIRECT] 
2026-09-23 20:17:27,914 [ERROR] LogOutputStream:74 - [STDERR_REDIRECT] [Fatal Error] :1:1: Premature end of file.
2026-09-23 20:17:27,914 [ERROR] LogOutputStream:74 - [STDERR_REDIRECT] 
2026-09-23 20:17:28,915 [ERROR] LogOutputStream:74 - [STDERR_REDIRECT] [Fatal Error] :1:1: Premature end of file.
2026-09-23 20:17:28,915 [ERROR] LogOutputStream:74 - [STDERR_REDIRECT] 
2026-09-23 20:17:29,913 [ERROR] LogOutputStream:74 - [STDERR_REDIRECT] [Fatal Error] :1:1: Premature end of file.
2026-09-23 20:17:29,913 [ERROR] LogOutputStream:74 - [STDERR_REDIRECT] 
2026-09-23 20:17:30,923 [ERROR] LogOutputStream:74 - [STDERR_REDIRECT] [Fatal Error] :1:1: Premature end of file.
2026-09-23 20:17:30,923 [ERROR] LogOutputStream:74 - [STDERR_REDIRECT] 
2026-09-23 20:17:31,941 [ERROR] LogOutputStream:74 - [STDERR_REDIRECT] [Fatal Error] :1:1: Premature end of file.
2026-09-23 20:17:31,941 [ERROR] LogOutputStream:74 - [STDERR_REDIRECT] 
2026-09-23 20:17:32,557 [INFO] MainUpdater:2671 - connection check result : 10
2026-09-23 20:17:32,559 [INFO] MainUpdater:2671 - connection check result : 10
2026-09-23 20:17:32,599 [INFO] MicroXplorer:448 - Change Database Path : 
2026-09-23 20:17:32,599 [INFO] MicroXplorer:478 - Change Database Version : DB.6.0.30
2026-09-23 20:17:32,599 [WARN] ThirdParty:813 - waiting for thirdparty lock release [close project]
2026-09-23 20:17:32,599 [INFO] ThirdParty:815 - entering critical section [close project]
2026-09-23 20:17:32,599 [INFO] ThirdParty:825 - exiting critical section [close project]
2026-09-23 20:17:32,607 [INFO] PinOutPanel:1463 - setPackage(No Configuration,No Configuration)
2026-09-23 20:17:32,610 [INFO] UtilMem:74 - Begin LoadConfig() Used Memory: 707553272 Bytes (771751936)
2026-09-23 20:17:32,611 [INFO] MicroXplorer:448 - Change Database Path : 
2026-09-23 20:17:32,611 [INFO] MicroXplorer:478 - Change Database Version : DB.6.0.30
2026-09-23 20:17:32,611 [INFO] OpenFileManager:313 - Change cursor
2026-09-23 20:17:32,939 [ERROR] LogOutputStream:74 - [STDERR_REDIRECT] [Fatal Error] :1:1: Premature end of file.
2026-09-23 20:17:32,939 [ERROR] LogOutputStream:74 - [STDERR_REDIRECT] 
2026-09-23 20:17:33,452 [INFO] Context:592 - Trying to add GPIOservice into a context  which must be forbidden
2026-09-23 20:17:33,668 [INFO] ImportTextPane:167 - (OptionalMessage_ERROR) Unable to find key (Mcu.ThirdPartyNb) in loaded IOC file
2026-09-23 20:17:33,668 [INFO] ImportTextPane:167 - (OptionalMessage_ERROR) Unable to find key (Mcu.PinsNb) in loaded IOC file
2026-09-23 20:17:33,668 [INFO] ImportTextPane:167 - (OptionalMessage_ERROR) Unable to find key (Mcu.IPNb) in loaded IOC file
2026-09-23 20:17:33,719 [WARN] ApiManager:304 - Cannot register API 'Board Extension:PM33A1' from pack STMicroelectronics.X-CUBE-PM33A1.1.0.0: no header file found
2026-09-23 20:17:33,721 [WARN] ApiManager:304 - Cannot register API 'Board Extension:NFC09A1' from pack STMicroelectronics.X-CUBE-NFC9.1.0.0: no header file found
2026-09-23 20:17:33,725 [WARN] ApiManager:304 - Cannot register API 'Wireless:BlueNRG-MS' from pack STMicroelectronics.X-CUBE-BLE1.7.1.0: no header file found
2026-09-23 20:17:33,727 [WARN] ApiManager:304 - Cannot register API 'Board Extension:EEPRMA2' from pack STMicroelectronics.X-CUBE-EEPRMA1.5.2.0: no header file found
2026-09-23 20:17:33,727 [WARN] ApiManager:304 - Cannot register API 'Board Extension:PGEEZ1' from pack STMicroelectronics.X-CUBE-EEPRMA1.5.2.0: no header file found
2026-09-23 20:17:33,727 [WARN] ApiManager:304 - Cannot register API 'Board Extension:EEICA1' from pack STMicroelectronics.X-CUBE-EEPRMA1.5.2.0: no header file found
2026-09-23 20:17:33,727 [WARN] ApiManager:304 - Cannot register API 'Board Part:M24' from pack STMicroelectronics.X-CUBE-EEPRMA1.5.2.0: no header file found
2026-09-23 20:17:33,727 [WARN] ApiManager:304 - Cannot register API 'Board Part:M95' from pack STMicroelectronics.X-CUBE-EEPRMA1.5.2.0: no header file found
2026-09-23 20:17:33,727 [WARN] ApiManager:304 - Cannot register API 'Board Part:M95P32' from pack STMicroelectronics.X-CUBE-EEPRMA1.5.2.0: no header file found
2026-09-23 20:17:33,727 [WARN] ApiManager:304 - Cannot register API 'Board Part:M24256E-F' from pack STMicroelectronics.X-CUBE-EEPRMA1.5.2.0: no header file found
2026-09-23 20:17:33,727 [WARN] ApiManager:304 - Cannot register API 'Board Part:M24M01E-F' from pack STMicroelectronics.X-CUBE-EEPRMA1.5.2.0: no header file found
2026-09-23 20:17:33,727 [WARN] ApiManager:304 - Cannot register API 'PGEEZ1:SPI' from pack STMicroelectronics.X-CUBE-EEPRMA1.5.2.0: no header file found
2026-09-23 20:17:33,727 [WARN] ApiManager:304 - Cannot register API 'PGEEZ1:QDSPI' from pack STMicroelectronics.X-CUBE-EEPRMA1.5.2.0: no header file found
2026-09-23 20:17:33,729 [WARN] ApiManager:304 - Cannot register API 'Board Extension:NFC12A1' from pack STMicroelectronics.X-CUBE-NFC12.1.0.0: no header file found
2026-09-23 20:17:33,737 [WARN] ApiManager:304 - Cannot register API 'Board Extension:SAFEA1' from pack STMicroelectronics.X-CUBE-STSE01.2.0.0: no header file found
2026-09-23 20:17:33,739 [WARN] ApiManager:304 - Cannot register API 'Board Extension:ESE01A1' from pack STMicroelectronics.X-CUBE-STSE01.2.0.0: no header file found
2026-09-23 20:17:33,739 [WARN] ApiManager:304 - Cannot register API 'Board Extension:ESE02A1' from pack STMicroelectronics.X-CUBE-STSE01.2.0.0: no header file found
2026-09-23 20:17:33,739 [WARN] ApiManager:304 - Cannot register API 'Board Part:STSAFEA110' from pack STMicroelectronics.X-CUBE-STSE01.2.0.0: no header file found
2026-09-23 20:17:33,739 [WARN] ApiManager:304 - Cannot register API 'Board Part:STSAFEA120' from pack STMicroelectronics.X-CUBE-STSE01.2.0.0: no header file found
2026-09-23 20:17:33,739 [WARN] ApiManager:304 - Cannot register API 'Board Part:STSAFEL010' from pack STMicroelectronics.X-CUBE-STSE01.2.0.0: no header file found
2026-09-23 20:17:33,739 [WARN] ApiManager:304 - Cannot register API 'Security:STM32_Cryptographic' from pack STMicroelectronics.X-CUBE-STSE01.2.0.0: no header file found
2026-09-23 20:17:33,739 [WARN] ApiManager:304 - Cannot register API 'Security:STSELib' from pack STMicroelectronics.X-CUBE-STSE01.2.0.0: no header file found
2026-09-23 20:17:33,741 [INFO] RtosManager:484 - Registered RTOS mode: class=CMSIS, group=RTOS, mode=CMSIS_V1, owner=FREERTOS
2026-09-23 20:17:33,741 [INFO] RtosManager:484 - Registered RTOS mode: class=CMSIS, group=RTOS2, mode=CMSIS_V2, owner=FREERTOS
2026-09-23 20:17:33,741 [INFO] RtosManager:484 - Registered RTOS mode: class=RTOS, group=Core, mode=CMSIS_V1, owner=FREERTOS
2026-09-23 20:17:33,741 [INFO] RtosManager:484 - Registered RTOS mode: class=RTOS, group=Core, mode=CMSIS_V2, owner=FREERTOS
2026-09-23 20:17:33,741 [WARN] ModelIntegratedComponent:181 - Missing modes for component STMicroelectronics:FreeRTOS:0.0.1:STMicroelectronics:RTOS:FreeRTOS:Core:::10.2.0:
2026-09-23 20:17:33,743 [WARN] ApiManager:304 - Cannot register API 'Board Extension:NFC04A1' from pack STMicroelectronics.X-CUBE-NFC4.3.0.0: no header file found
2026-09-23 20:17:33,749 [WARN] ApiManager:304 - Cannot register API 'Board Extension:S2868A1' from pack STMicroelectronics.X-CUBE-SUBG2.5.0.0: no header file found
2026-09-23 20:17:33,749 [WARN] ApiManager:304 - Cannot register API 'Board Extension:S2868A2' from pack STMicroelectronics.X-CUBE-SUBG2.5.0.0: no header file found
2026-09-23 20:17:33,749 [WARN] ApiManager:304 - Cannot register API 'Board Extension:S2915A1' from pack STMicroelectronics.X-CUBE-SUBG2.5.0.0: no header file found
2026-09-23 20:17:33,908 [WARN] ApiManager:304 - Cannot register API 'Board Extension:IKS02A1' from pack STMicroelectronics.X-CUBE-MEMS1.13.0.0: no header file found
2026-09-23 20:17:33,908 [WARN] ApiManager:304 - Cannot register API 'Board Extension:IKS4A1' from pack STMicroelectronics.X-CUBE-MEMS1.13.0.0: no header file found
2026-09-23 20:17:33,908 [WARN] ApiManager:304 - Cannot register API 'Board Extension:IKS5A1' from pack STMicroelectronics.X-CUBE-MEMS1.13.0.0: no header file found
2026-09-23 20:17:33,923 [ERROR] LogOutputStream:74 - [STDERR_REDIRECT] [Fatal Error] :1:1: Premature end of file.
2026-09-23 20:17:33,923 [ERROR] LogOutputStream:74 - [STDERR_REDIRECT] 
2026-09-23 20:17:33,925 [WARN] ApiManager:304 - Cannot register API 'Board Extension:NFC07A1' from pack STMicroelectronics.X-CUBE-NFC7.2.0.0: no header file found
2026-09-23 20:17:33,925 [WARN] ApiManager:304 - Cannot register API 'Board Extension:GNSS1A1' from pack STMicroelectronics.X-CUBE-GNSS1.7.1.1: no header file found
2026-09-23 20:17:33,925 [WARN] ApiManager:304 - Cannot register API 'Board Support:Custom' from pack STMicroelectronics.X-CUBE-GNSS1.7.1.1: no header file found
2026-09-23 20:17:33,925 [WARN] ApiManager:304 - Cannot register API 'Data Exchange:lib_gnss' from pack STMicroelectronics.X-CUBE-GNSS1.7.1.1: no header file found
2026-09-23 20:17:33,930 [WARN] ApiManager:304 - Cannot register API 'Board Extension:NFC10A1' from pack STMicroelectronics.X-CUBE-NFC10.1.0.0: no header file found
2026-09-23 20:17:33,932 [WARN] ModelIntegratedComponent:60 - No mode defined for component null
2026-09-23 20:17:33,932 [WARN] ModelIntegratedComponent:60 - No mode defined for component null
2026-09-23 20:17:33,932 [WARN] ModelIntegratedComponent:60 - No mode defined for component null
2026-09-23 20:17:33,932 [WARN] ModelIntegratedComponent:60 - No mode defined for component null
2026-09-23 20:17:33,932 [WARN] ModelIntegratedComponent:60 - No mode defined for component null
2026-09-23 20:17:33,932 [WARN] ModelIntegratedComponent:60 - No mode defined for component null
2026-09-23 20:17:33,932 [WARN] ModelIntegratedComponent:60 - No mode defined for component null
2026-09-23 20:17:33,932 [WARN] ModelIntegratedComponent:60 - No mode defined for component null
2026-09-23 20:17:33,932 [WARN] ModelIntegratedComponent:60 - No mode defined for component null
2026-09-23 20:17:33,932 [WARN] ModelIntegratedComponent:60 - No mode defined for component null
2026-09-23 20:17:33,932 [WARN] ModelIntegratedComponent:60 - No mode defined for component null
2026-09-23 20:17:33,932 [WARN] ModelIntegratedComponent:60 - No mode defined for component null
2026-09-23 20:17:33,932 [WARN] ModelIntegratedComponent:60 - No mode defined for component null
2026-09-23 20:17:33,932 [WARN] ModelIntegratedComponent:60 - No mode defined for component null
2026-09-23 20:17:33,932 [WARN] ModelIntegratedComponent:60 - No mode defined for component null
2026-09-23 20:17:33,932 [WARN] ModelIntegratedComponent:60 - No mode defined for component null
2026-09-23 20:17:33,932 [WARN] ModelIntegratedComponent:60 - No mode defined for component null
2026-09-23 20:17:33,932 [WARN] ModelIntegratedComponent:60 - No mode defined for component null
2026-09-23 20:17:33,934 [WARN] ModelIntegratedComponent:60 - No mode defined for component null
2026-09-23 20:17:33,934 [WARN] ModelIntegratedComponent:60 - No mode defined for component null
2026-09-23 20:17:33,934 [WARN] ModelIntegratedComponent:60 - No mode defined for component null
2026-09-23 20:17:33,934 [WARN] ModelIntegratedComponent:60 - No mode defined for component null
2026-09-23 20:17:33,934 [WARN] ModelIntegratedComponent:60 - No mode defined for component null
2026-09-23 20:17:33,934 [WARN] ModelIntegratedComponent:60 - No mode defined for component null
2026-09-23 20:17:33,934 [WARN] ModelIntegratedComponent:60 - No mode defined for component null
2026-09-23 20:17:33,934 [WARN] ModelIntegratedComponent:60 - No mode defined for component null
2026-09-23 20:17:33,934 [WARN] ModelIntegratedComponent:60 - No mode defined for component null
2026-09-23 20:17:33,934 [WARN] ModelIntegratedComponent:60 - No mode defined for component null
2026-09-23 20:17:33,934 [WARN] ModelIntegratedComponent:60 - No mode defined for component null
2026-09-23 20:17:33,934 [WARN] ModelIntegratedComponent:60 - No mode defined for component null
2026-09-23 20:17:33,934 [WARN] ModelIntegratedComponent:60 - No mode defined for component null
2026-09-23 20:17:33,935 [WARN] ApiManager:304 - Cannot register API 'Board Extension:NFC06A1' from pack STMicroelectronics.X-CUBE-NFC6.3.2.0: no header file found
2026-09-23 20:17:33,935 [WARN] ApiManager:304 - Cannot register API 'Board Extension:NFC08A1' from pack STMicroelectronics.X-CUBE-NFC6.3.2.0: no header file found
2026-09-23 20:17:33,947 [WARN] ApiManager:304 - Cannot register API 'Board Extension:S2868A1' from pack STMicroelectronics.X-CUBE-SFXS2LP1.4.0.0: no header file found
2026-09-23 20:17:33,947 [WARN] ApiManager:304 - Cannot register API 'Board Extension:S2868A2' from pack STMicroelectronics.X-CUBE-SFXS2LP1.4.0.0: no header file found
2026-09-23 20:17:33,947 [WARN] ApiManager:304 - Cannot register API 'Board Extension:S2915A1' from pack STMicroelectronics.X-CUBE-SFXS2LP1.4.0.0: no header file found
2026-09-23 20:17:33,947 [WARN] ApiManager:304 - Cannot register API 'Wireless:BlueNRG-2' from pack STMicroelectronics.X-CUBE-BLE2.3.3.0: no header file found
2026-09-23 20:17:33,949 [WARN] ApiManager:304 - Cannot register API 'Board Extension:NFC13A1' from pack STMicroelectronics.X-CUBE-NFC13.1.0.0: no header file found
2026-09-23 20:17:33,949 [WARN] ApiManager:304 - Cannot register API 'Wireless:STM32WB05N' from pack STMicroelectronics.X-CUBE-WB05N.2.1.0: no header file found
2026-09-23 20:17:34,913 [ERROR] LogOutputStream:74 - [STDERR_REDIRECT] [Fatal Error] :1:1: Premature end of file.
2026-09-23 20:17:34,913 [ERROR] LogOutputStream:74 - [STDERR_REDIRECT] 
2026-09-23 20:17:35,379 [INFO] UtilMem:74 - End LoadConfig() Used Memory: 740808640 Bytes (874512384)
2026-09-23 20:17:35,381 [WARN] ThirdParty:779 - waiting for thirdparty lock release [change project]
2026-09-23 20:17:35,381 [INFO] ThirdParty:781 - entering critical section [change project]
2026-09-23 20:17:35,381 [INFO] ThirdParty:967 - CMSIS Pack Vendor :STMicroelectronics X-CUBE-AZRTOS-H7 3.5.0
2026-09-23 20:17:35,383 [INFO] ThirdParty:967 - CMSIS Pack Vendor :STMicroelectronics X-CUBE-PM33A1 1.0.0
2026-09-23 20:17:35,383 [INFO] ThirdParty:967 - CMSIS Pack Vendor :STMicroelectronics X-CUBE-NFC9 1.0.0
2026-09-23 20:17:35,383 [INFO] ThirdParty:967 - CMSIS Pack Vendor :STMicroelectronics USB_HOST 2.0.0
2026-09-23 20:17:35,383 [INFO] ThirdParty:967 - CMSIS Pack Vendor :STMicroelectronics FP-ATR-ASTRA1 2.0.3
2026-09-23 20:17:35,383 [INFO] ThirdParty:967 - CMSIS Pack Vendor :STMicroelectronics X-CUBE-AZRTOS-F4 1.1.0
2026-09-23 20:17:35,383 [INFO] ThirdParty:967 - CMSIS Pack Vendor :STMicroelectronics X-CUBE-BLE1 7.1.0
2026-09-23 20:17:35,383 [INFO] ThirdParty:967 - CMSIS Pack Vendor :wolfSSL I-CUBE-wolfMQTT 1.19.2
2026-09-23 20:17:35,383 [INFO] ThirdParty:967 - CMSIS Pack Vendor :STMicroelectronics USB_DEVICE 3.0.0
2026-09-23 20:17:35,383 [INFO] ThirdParty:967 - CMSIS Pack Vendor :STMicroelectronics X-CUBE-ISPU 2.1.0
2026-09-23 20:17:35,383 [INFO] ThirdParty:967 - CMSIS Pack Vendor :STMicroelectronics X-CUBE-EEPRMA1 5.2.0
2026-09-23 20:17:35,383 [INFO] ThirdParty:967 - CMSIS Pack Vendor :STMicroelectronics X-CUBE-AZRTOS-WB 2.0.0
2026-09-23 20:17:35,383 [INFO] ThirdParty:967 - CMSIS Pack Vendor :STMicroelectronics X-CUBE-NFC12 1.0.0
2026-09-23 20:17:35,383 [INFO] ThirdParty:967 - CMSIS Pack Vendor :STMicroelectronics X-CUBE-AZRTOS-F7 1.1.0
2026-09-23 20:17:35,383 [INFO] ThirdParty:967 - CMSIS Pack Vendor :STMicroelectronics X-CUBE-AZRTOS-L5 2.0.0
2026-09-23 20:17:35,383 [INFO] ThirdParty:967 - CMSIS Pack Vendor :STMicroelectronics USB_DEVICE 2.0.0
2026-09-23 20:17:35,383 [INFO] ThirdParty:967 - CMSIS Pack Vendor :STMicroelectronics X-CUBE-STSE01 2.0.0
2026-09-23 20:17:35,383 [INFO] ThirdParty:967 - CMSIS Pack Vendor :STMicroelectronics X-CUBE-ALGOBUILD 1.5.0
2026-09-23 20:17:35,383 [INFO] ThirdParty:967 - CMSIS Pack Vendor :STMicroelectronics FreeRTOS 0.0.1
2026-09-23 20:17:35,383 [INFO] ThirdParty:967 - CMSIS Pack Vendor :STMicroelectronics X-CUBE-AZRTOS-H7RS 1.3.0
2026-09-23 20:17:35,383 [INFO] ThirdParty:967 - CMSIS Pack Vendor :STMicroelectronics X-CUBE-AZRTOS-G0 1.1.0
2026-09-23 20:17:35,383 [INFO] ThirdParty:967 - CMSIS Pack Vendor :STMicroelectronics X-CUBE-NFC4 3.0.0
2026-09-23 20:17:35,383 [INFO] ThirdParty:967 - CMSIS Pack Vendor :STMicroelectronics X-CUBE-SUBG2 5.0.0
2026-09-23 20:17:35,383 [INFO] ThirdParty:967 - CMSIS Pack Vendor :STMicroelectronics lwIP 2.0.3
2026-09-23 20:17:35,383 [INFO] ThirdParty:967 - CMSIS Pack Vendor :STMicroelectronics X-CUBE-MEMS1 13.0.0
2026-09-23 20:17:35,383 [INFO] ThirdParty:967 - CMSIS Pack Vendor :STMicroelectronics USB_HOST 1.0.0
2026-09-23 20:17:35,383 [INFO] ThirdParty:967 - CMSIS Pack Vendor :STMicroelectronics X-CUBE-AZRTOS-G4 2.0.0
2026-09-23 20:17:35,383 [INFO] ThirdParty:967 - CMSIS Pack Vendor :STMicroelectronics PDM2PCM 3.1.0
2026-09-23 20:17:35,383 [INFO] ThirdParty:967 - CMSIS Pack Vendor :STMicroelectronics PDM2PCM 3.3.0
2026-09-23 20:17:35,383 [INFO] ThirdParty:967 - CMSIS Pack Vendor :wolfSSL I-CUBE-wolfTPM 3.8.0
2026-09-23 20:17:35,383 [INFO] ThirdParty:967 - CMSIS Pack Vendor :wolfSSL I-CUBE-wolfSSH 1.4.20
2026-09-23 20:17:35,383 [INFO] ThirdParty:967 - CMSIS Pack Vendor :STMicroelectronics X-CUBE-NFC7 2.0.0
2026-09-23 20:17:35,383 [INFO] ThirdParty:967 - CMSIS Pack Vendor :STMicroelectronics X-CUBE-GNSS1 7.1.1
2026-09-23 20:17:35,383 [INFO] ThirdParty:967 - CMSIS Pack Vendor :STMicroelectronics FP-ATR-SIGFOX1 3.2.0
2026-09-23 20:17:35,383 [INFO] ThirdParty:967 - CMSIS Pack Vendor :STMicroelectronics X-CUBE-NFC10 1.0.0
2026-09-23 20:17:35,383 [INFO] ThirdParty:967 - CMSIS Pack Vendor :STMicroelectronics HAL Drivers 0.0.0
2026-09-23 20:17:35,383 [INFO] ThirdParty:967 - CMSIS Pack Vendor :STMicroelectronics MBEDTLS 2.16.2
2026-09-23 20:17:35,383 [INFO] ThirdParty:967 - CMSIS Pack Vendor :wolfSSL I-CUBE-wolfSSL 5.9.2
2026-09-23 20:17:35,383 [INFO] ThirdParty:967 - CMSIS Pack Vendor :STMicroelectronics MBEDTLS 2.14.1
2026-09-23 20:17:35,383 [INFO] ThirdParty:967 - CMSIS Pack Vendor :STMicroelectronics X-CUBE-TOUCHGFX 4.26.1
2026-09-23 20:17:35,383 [INFO] ThirdParty:967 - CMSIS Pack Vendor :STMicroelectronics X-CUBE-NFC6 3.2.0
2026-09-23 20:17:35,383 [INFO] ThirdParty:967 - CMSIS Pack Vendor :STMicroelectronics X-CUBE-AI 10.2.1
2026-09-23 20:17:35,383 [INFO] ThirdParty:967 - CMSIS Pack Vendor :STMicroelectronics X-CUBE-AZRTOS-WL 2.0.0
2026-09-23 20:17:35,383 [INFO] ThirdParty:967 - CMSIS Pack Vendor :SEGGER I-CUBE-embOS 1.3.1
2026-09-23 20:17:35,383 [INFO] ThirdParty:967 - CMSIS Pack Vendor :STMicroelectronics USB_DEVICE 1.0.0
2026-09-23 20:17:35,383 [INFO] ThirdParty:967 - CMSIS Pack Vendor :STMicroelectronics X-CUBE-AZRTOS-L4 2.0.0
2026-09-23 20:17:35,383 [INFO] ThirdParty:967 - CMSIS Pack Vendor :STMicroelectronics ThreadX 0.0.2
2026-09-23 20:17:35,383 [INFO] ThirdParty:967 - CMSIS Pack Vendor :STMicroelectronics lwIP 2.1.2
2026-09-23 20:17:35,383 [INFO] ThirdParty:967 - CMSIS Pack Vendor :STMicroelectronics X-CUBE-SFXS2LP1 4.0.0
2026-09-23 20:17:35,383 [INFO] ThirdParty:967 - CMSIS Pack Vendor :STMicroelectronics X-CUBE-BLE2 3.3.0
2026-09-23 20:17:35,383 [INFO] ThirdParty:967 - CMSIS Pack Vendor :STMicroelectronics X-CUBE-NFC13 1.0.0
2026-09-23 20:17:35,383 [INFO] ThirdParty:967 - CMSIS Pack Vendor :STMicroelectronics PDM2PCM 3.2.0
2026-09-23 20:17:35,385 [INFO] ThirdParty:967 - CMSIS Pack Vendor :STMicroelectronics X-CUBE-WB05N 2.1.0
2026-09-23 20:17:35,385 [INFO] ThirdParty:787 - exiting critical section [change project]
2026-09-23 20:17:35,570 [INFO] PinOutPanel:1463 - setPackage(No Configuration,No Configuration)
2026-09-23 20:17:35,570 [INFO] PinOutPanel:1463 - setPackage(STM32F103C6Ux,UFQFPN48)
2026-09-23 20:17:35,850 [INFO] UtilMem:74 - Before build in PCC Used Memory: 739206624 Bytes (874512384)
2026-09-23 20:17:35,918 [ERROR] LogOutputStream:74 - [STDERR_REDIRECT] [Fatal Error] :1:1: Premature end of file.
2026-09-23 20:17:35,918 [ERROR] LogOutputStream:74 - [STDERR_REDIRECT] 
2026-09-23 20:17:36,390 [INFO] UtilMem:74 - After build in PCC Used Memory: 758180872 Bytes (882900992)
2026-09-23 20:17:36,404 [INFO] IPUIPlugin:74 - create IPUIPlugin
2026-09-23 20:17:36,404 [INFO] IPUIPlugin:74 - create IPUIPlugin
2026-09-23 20:17:36,404 [INFO] IPUIPlugin:74 - create IPUIPlugin
2026-09-23 20:17:36,404 [INFO] IPUIPlugin:74 - create IPUIPlugin
2026-09-23 20:17:36,404 [INFO] IPUIPlugin:74 - create IPUIPlugin
2026-09-23 20:17:36,404 [INFO] IPUIPlugin:74 - create IPUIPlugin
2026-09-23 20:17:36,404 [INFO] IPUIPlugin:74 - create IPUIPlugin
2026-09-23 20:17:36,404 [INFO] IPUIPlugin:74 - create IPUIPlugin
2026-09-23 20:17:36,404 [INFO] IPUIPlugin:74 - create IPUIPlugin
2026-09-23 20:17:36,404 [INFO] IPUIPlugin:74 - create IPUIPlugin
2026-09-23 20:17:36,404 [INFO] IPUIPlugin:74 - create IPUIPlugin
2026-09-23 20:17:36,404 [INFO] IPUIPlugin:74 - create IPUIPlugin
2026-09-23 20:17:36,404 [INFO] IPUIPlugin:74 - create IPUIPlugin
2026-09-23 20:17:36,404 [INFO] IPUIPlugin:74 - create IPUIPlugin
2026-09-23 20:17:36,404 [INFO] IPUIPlugin:74 - create IPUIPlugin
2026-09-23 20:17:36,404 [INFO] IPUIPlugin:74 - create IPUIPlugin
2026-09-23 20:17:36,404 [INFO] IPUIPlugin:74 - create IPUIPlugin
2026-09-23 20:17:36,404 [INFO] IPUIPlugin:74 - create IPUIPlugin
2026-09-23 20:17:36,404 [INFO] IPUIPlugin:74 - create IPUIPlugin
2026-09-23 20:17:36,404 [INFO] IPUIPlugin:74 - create IPUIPlugin
2026-09-23 20:17:36,404 [INFO] IPUIPlugin:74 - create IPUIPlugin
2026-09-23 20:17:36,404 [INFO] IPUIPlugin:74 - create IPUIPlugin
2026-09-23 20:17:36,404 [INFO] IPUIPlugin:74 - create IPUIPlugin
2026-09-23 20:17:36,500 [INFO] OpenFileManager:333 - Restore cursor
2026-09-23 20:17:36,765 [INFO] UtilMem:74 - End SaveConfig() Used Memory: 768398456 Bytes (882900992)
2026-09-23 20:17:36,817 [INFO] UtilMem:74 - End SaveConfig() Used Memory: 788019064 Bytes (882900992)
2026-09-23 20:17:36,927 [ERROR] LogOutputStream:74 - [STDERR_REDIRECT] [Fatal Error] :1:1: Premature end of file.
2026-09-23 20:17:36,927 [ERROR] LogOutputStream:74 - [STDERR_REDIRECT] 
2026-09-23 20:17:37,182 [INFO] BlockDiagram:2740 - set Specific Code input for plugin: NVIC
2026-09-23 20:17:37,182 [INFO] BlockDiagram:2740 - set Specific Code input for plugin: SYS
2026-09-23 20:17:37,184 [INFO] BlockDiagram:2740 - set Specific Code input for plugin: RCC
2026-09-23 20:17:37,184 [INFO] CodeGenerator:663 - code generatio: config db path: D:\VXL\STM32CubeIDE_1.7.0\STM32CubeIDE\plugins\com.st.stm32cube.common.mx_6.3.0.202107141111\\db\
2026-09-23 20:17:37,412 [INFO] CodeEngine:239 - oldGeneratedFile, D:\VXL\Lab1\LED_Animation\MXTmpFiles\license.tmp_save
2026-09-23 20:17:37,678 [INFO] CodeEngine:257 - Generated code: D:\VXL\Lab1\LED_Animation\MXTmpFiles\license.tmp
2026-09-23 20:17:37,750 [INFO] CodeEngine:239 - oldGeneratedFile, D:\VXL\Lab1\LED_Animation\Core\Src\stm32f1xx_it.c_save
2026-09-23 20:17:37,853 [INFO] CodeEngine:257 - Generated code: D:\VXL\Lab1\LED_Animation\Core\Src\stm32f1xx_it.c
2026-09-23 20:17:37,854 [INFO] CodeEngine:239 - oldGeneratedFile, D:\VXL\Lab1\LED_Animation\Core\Inc\stm32f1xx_it.h_save
2026-09-23 20:17:37,901 [INFO] CodeEngine:257 - Generated code: D:\VXL\Lab1\LED_Animation\Core\Inc\stm32f1xx_it.h
2026-09-23 20:17:37,914 [INFO] CodeEngine:239 - oldGeneratedFile, D:\VXL\Lab1\LED_Animation\Core\Src\stm32f1xx_hal_msp.c_save
2026-09-23 20:17:37,916 [ERROR] LogOutputStream:74 - [STDERR_REDIRECT] [Fatal Error] :1:1: Premature end of file.
2026-09-23 20:17:37,922 [ERROR] LogOutputStream:74 - [STDERR_REDIRECT] 
2026-09-23 20:17:37,996 [INFO] CodeEngine:257 - Generated code: D:\VXL\Lab1\LED_Animation\Core\Src\stm32f1xx_hal_msp.c
2026-09-23 20:17:37,996 [INFO] CodeEngine:239 - oldGeneratedFile, D:\VXL\Lab1\LED_Animation\MXTmpFiles\system.tmp_save
2026-09-23 20:17:38,060 [INFO] CodeEngine:257 - Generated code: D:\VXL\Lab1\LED_Animation\MXTmpFiles\system.tmp
2026-09-23 20:17:38,072 [INFO] CodeEngine:239 - oldGeneratedFile, D:\VXL\Lab1\LED_Animation\Core\Inc\stm32f1xx_hal_conf.h_save
2026-09-23 20:17:38,198 [INFO] CodeEngine:257 - Generated code: D:\VXL\Lab1\LED_Animation\Core\Inc\stm32f1xx_hal_conf.h
2026-09-23 20:17:38,254 [INFO] CodeEngine:239 - oldGeneratedFile, D:\VXL\Lab1\LED_Animation\Core\Inc\main.h_save
2026-09-23 20:17:38,363 [INFO] CodeEngine:257 - Generated code: D:\VXL\Lab1\LED_Animation\Core\Inc\main.h
2026-09-23 20:17:38,375 [INFO] CodeEngine:239 - oldGeneratedFile, D:\VXL\Lab1\LED_Animation\Core\Src\main.c_save
2026-09-23 20:17:38,489 [INFO] CodeEngine:257 - Generated code: D:\VXL\Lab1\LED_Animation\Core\Src\main.c
2026-09-23 20:17:38,952 [ERROR] LogOutputStream:74 - [STDERR_REDIRECT] [Fatal Error] :1:1: Premature end of file.
2026-09-23 20:17:38,952 [ERROR] LogOutputStream:74 - [STDERR_REDIRECT] 
2026-09-23 20:17:39,477 [INFO] ProjectBuilder:2578 - Time for Copy HAL[1] : 127mS.
2026-09-23 20:17:39,484 [INFO] ProjectBuilder:3622 - Project Generator version: 3.14.1
2026-09-23 20:17:39,950 [ERROR] LogOutputStream:74 - [STDERR_REDIRECT] [Fatal Error] :1:1: Premature end of file.
2026-09-23 20:17:39,950 [ERROR] LogOutputStream:74 - [STDERR_REDIRECT] 
2026-09-23 20:17:40,134 [INFO] ConfigFileManager:1271 - The Die is : DIE412
2026-09-23 20:17:40,144 [INFO] ApiDbMcu:468 - Load IP Config File for FATFS
2026-09-23 20:17:40,182 [INFO] ApiDbMcu:468 - Load IP Config File for FREERTOS
2026-09-23 20:17:40,239 [INFO] ApiDbMcu:468 - Load IP Config File for USB_DEVICE
2026-09-23 20:17:41,467 [ERROR] LogOutputStream:74 - [STDERR_REDIRECT] [Fatal Error] :1:1: Premature end of file.
2026-09-23 20:17:41,469 [ERROR] LogOutputStream:74 - [STDERR_REDIRECT] 
2026-09-23 20:17:41,914 [ERROR] LogOutputStream:74 - [STDERR_REDIRECT] [Fatal Error] :1:1: Premature end of file.
2026-09-23 20:17:41,914 [ERROR] LogOutputStream:74 - [STDERR_REDIRECT] 
2026-09-23 20:17:42,923 [ERROR] LogOutputStream:74 - [STDERR_REDIRECT] [Fatal Error] :1:1: Premature end of file.
2026-09-23 20:17:42,923 [ERROR] LogOutputStream:74 - [STDERR_REDIRECT] 
2026-09-23 20:17:43,915 [ERROR] LogOutputStream:74 - [STDERR_REDIRECT] [Fatal Error] :1:1: Premature end of file.
2026-09-23 20:17:43,915 [ERROR] LogOutputStream:74 - [STDERR_REDIRECT] 
2026-09-23 20:17:44,923 [ERROR] LogOutputStream:74 - [STDERR_REDIRECT] [Fatal Error] :1:1: Premature end of file.
2026-09-23 20:17:44,923 [ERROR] LogOutputStream:74 - [STDERR_REDIRECT] 
2026-09-23 20:17:45,944 [ERROR] LogOutputStream:74 - [STDERR_REDIRECT] [Fatal Error] :1:1: Premature end of file.
2026-09-23 20:17:45,944 [ERROR] LogOutputStream:74 - [STDERR_REDIRECT] 
2026-09-23 20:17:46,634 [INFO] ProjectBuilder:3789 - Time for Generating toolchain IDE Files: 7150mS.
2026-09-23 20:17:46,634 [INFO] ProjectBuilder:2457 - Time for Copy CMSIS : 0mS.
2026-09-23 20:17:46,634 [INFO] ProjectBuilder:2457 - Time for Copy CMSIS : 0mS.
2026-09-23 20:17:46,921 [ERROR] LogOutputStream:74 - [STDERR_REDIRECT] [Fatal Error] :1:1: Premature end of file.
2026-09-23 20:17:46,921 [ERROR] LogOutputStream:74 - [STDERR_REDIRECT] 
2026-09-23 20:17:47,403 [INFO] McuFinderGlobals:52 - Set McuFinderConnectedMode to true
2026-09-23 20:17:47,403 [INFO] ApiDb:276 - Save user favorites file C:\Users\DELL/.stm32cubeide/favorites.mcus.txt: 0 item(s)
2026-09-23 20:17:47,403 [INFO] ApiDb:280 - User favorites MCUs=[]
2026-09-23 20:17:48,020 [ERROR] LogOutputStream:74 - [STDERR_REDIRECT] [Fatal Error] :1:1: Premature end of file.
2026-09-23 20:17:48,020 [ERROR] LogOutputStream:74 - [STDERR_REDIRECT] 
2026-09-23 20:17:48,936 [ERROR] LogOutputStream:74 - [STDERR_REDIRECT] [Fatal Error] :1:1: Premature end of file.
2026-09-23 20:17:48,936 [ERROR] LogOutputStream:74 - [STDERR_REDIRECT] 
2026-09-23 20:17:49,925 [ERROR] LogOutputStream:74 - [STDERR_REDIRECT] [Fatal Error] :1:1: Premature end of file.
2026-09-23 20:17:49,925 [ERROR] LogOutputStream:74 - [STDERR_REDIRECT] 
2026-09-23 20:17:50,916 [ERROR] LogOutputStream:74 - [STDERR_REDIRECT] [Fatal Error] :1:1: Premature end of file.
2026-09-23 20:17:50,916 [ERROR] LogOutputStream:74 - [STDERR_REDIRECT] 
2026-09-23 20:17:51,919 [ERROR] LogOutputStream:74 - [STDERR_REDIRECT] [Fatal Error] :1:1: Premature end of file.
2026-09-23 20:17:51,919 [ERROR] LogOutputStream:74 - [STDERR_REDIRECT] 
2026-09-23 20:17:52,934 [ERROR] LogOutputStream:74 - [STDERR_REDIRECT] [Fatal Error] :1:1: Premature end of file.
2026-09-23 20:17:52,934 [ERROR] LogOutputStream:74 - [STDERR_REDIRECT] 
2026-09-23 20:17:53,925 [ERROR] LogOutputStream:74 - [STDERR_REDIRECT] [Fatal Error] :1:1: Premature end of file.
2026-09-23 20:17:53,925 [ERROR] LogOutputStream:74 - [STDERR_REDIRECT] 
2026-09-23 20:17:54,921 [ERROR] LogOutputStream:74 - [STDERR_REDIRECT] [Fatal Error] :1:1: Premature end of file.
2026-09-23 20:17:54,921 [ERROR] LogOutputStream:74 - [STDERR_REDIRECT] 
2026-09-23 20:17:55,920 [ERROR] LogOutputStream:74 - [STDERR_REDIRECT] [Fatal Error] :1:1: Premature end of file.
2026-09-23 20:17:55,920 [ERROR] LogOutputStream:74 - [STDERR_REDIRECT] 
2026-09-23 20:17:56,923 [ERROR] LogOutputStream:74 - [STDERR_REDIRECT] [Fatal Error] :1:1: Premature end of file.
2026-09-23 20:17:56,939 [ERROR] LogOutputStream:74 - [STDERR_REDIRECT] 
2026-09-23 20:17:57,916 [ERROR] LogOutputStream:74 - [STDERR_REDIRECT] [Fatal Error] :1:1: Premature end of file.
2026-09-23 20:17:57,916 [ERROR] LogOutputStream:74 - [STDERR_REDIRECT] 
2026-09-23 20:17:58,926 [ERROR] LogOutputStream:74 - [STDERR_REDIRECT] [Fatal Error] :1:1: Premature end of file.
2026-09-23 20:17:58,926 [ERROR] LogOutputStream:74 - [STDERR_REDIRECT] 
2026-09-23 20:17:59,918 [ERROR] LogOutputStream:74 - [STDERR_REDIRECT] [Fatal Error] :1:1: Premature end of file.
2026-09-23 20:17:59,918 [ERROR] LogOutputStream:74 - [STDERR_REDIRECT] 
2026-09-23 20:18:00,922 [ERROR] LogOutputStream:74 - [STDERR_REDIRECT] [Fatal Error] :1:1: Premature end of file.
2026-09-23 20:18:00,924 [ERROR] LogOutputStream:74 - [STDERR_REDIRECT] 
2026-09-23 20:18:01,923 [ERROR] LogOutputStream:74 - [STDERR_REDIRECT] [Fatal Error] :1:1: Premature end of file.
2026-09-23 20:18:01,923 [ERROR] LogOutputStream:74 - [STDERR_REDIRECT] 
2026-09-23 20:18:02,911 [ERROR] LogOutputStream:74 - [STDERR_REDIRECT] [Fatal Error] :1:1: Premature end of file.
2026-09-23 20:18:02,911 [ERROR] LogOutputStream:74 - [STDERR_REDIRECT] 
2026-09-23 20:18:03,926 [ERROR] LogOutputStream:74 - [STDERR_REDIRECT] [Fatal Error] :1:1: Premature end of file.
2026-09-23 20:18:03,926 [ERROR] LogOutputStream:74 - [STDERR_REDIRECT] 
2026-09-23 20:18:04,914 [ERROR] LogOutputStream:74 - [STDERR_REDIRECT] [Fatal Error] :1:1: Premature end of file.
2026-09-23 20:18:04,914 [ERROR] LogOutputStream:74 - [STDERR_REDIRECT] 
2026-09-23 20:18:05,931 [ERROR] LogOutputStream:74 - [STDERR_REDIRECT] [Fatal Error] :1:1: Premature end of file.
2026-09-23 20:18:05,931 [ERROR] LogOutputStream:74 - [STDERR_REDIRECT] 
2026-09-23 20:18:06,917 [ERROR] LogOutputStream:74 - [STDERR_REDIRECT] [Fatal Error] :1:1: Premature end of file.
2026-09-23 20:18:06,917 [ERROR] LogOutputStream:74 - [STDERR_REDIRECT] 
2026-09-23 20:18:07,909 [ERROR] LogOutputStream:74 - [STDERR_REDIRECT] [Fatal Error] :1:1: Premature end of file.
2026-09-23 20:18:07,925 [ERROR] LogOutputStream:74 - [STDERR_REDIRECT] 
2026-09-23 20:18:08,897 [ERROR] LogOutputStream:74 - [STDERR_REDIRECT] [Fatal Error] :1:1: Premature end of file.
2026-09-23 20:18:08,897 [ERROR] LogOutputStream:74 - [STDERR_REDIRECT] 
2026-09-23 20:18:09,924 [ERROR] LogOutputStream:74 - [STDERR_REDIRECT] [Fatal Error] :1:1: Premature end of file.
2026-09-23 20:18:09,924 [ERROR] LogOutputStream:74 - [STDERR_REDIRECT] 
2026-09-23 20:18:10,917 [ERROR] LogOutputStream:74 - [STDERR_REDIRECT] [Fatal Error] :1:1: Premature end of file.
2026-09-23 20:18:10,917 [ERROR] LogOutputStream:74 - [STDERR_REDIRECT] 
2026-09-23 20:18:11,911 [ERROR] LogOutputStream:74 - [STDERR_REDIRECT] [Fatal Error] :1:1: Premature end of file.
2026-09-23 20:18:11,911 [ERROR] LogOutputStream:74 - [STDERR_REDIRECT] 
2026-09-23 20:18:12,926 [ERROR] LogOutputStream:74 - [STDERR_REDIRECT] [Fatal Error] :1:1: Premature end of file.
2026-09-23 20:18:12,926 [ERROR] LogOutputStream:74 - [STDERR_REDIRECT] 
2026-09-23 20:18:13,915 [ERROR] LogOutputStream:74 - [STDERR_REDIRECT] [Fatal Error] :1:1: Premature end of file.
2026-09-23 20:18:13,915 [ERROR] LogOutputStream:74 - [STDERR_REDIRECT] 
2026-09-23 20:18:14,931 [ERROR] LogOutputStream:74 - [STDERR_REDIRECT] [Fatal Error] :1:1: Premature end of file.
2026-09-23 20:18:14,931 [ERROR] LogOutputStream:74 - [STDERR_REDIRECT] 
2026-09-23 20:18:15,920 [ERROR] LogOutputStream:74 - [STDERR_REDIRECT] [Fatal Error] :1:1: Premature end of file.
2026-09-23 20:18:15,920 [ERROR] LogOutputStream:74 - [STDERR_REDIRECT] 
2026-09-23 20:18:16,912 [ERROR] LogOutputStream:74 - [STDERR_REDIRECT] [Fatal Error] :1:1: Premature end of file.
2026-09-23 20:18:16,922 [ERROR] LogOutputStream:74 - [STDERR_REDIRECT] 
2026-09-23 20:18:17,931 [ERROR] LogOutputStream:74 - [STDERR_REDIRECT] [Fatal Error] :1:1: Premature end of file.
2026-09-23 20:18:17,933 [ERROR] LogOutputStream:74 - [STDERR_REDIRECT] 
2026-09-23 20:18:18,929 [ERROR] LogOutputStream:74 - [STDERR_REDIRECT] [Fatal Error] :1:1: Premature end of file.
2026-09-23 20:18:18,934 [ERROR] LogOutputStream:74 - [STDERR_REDIRECT] 
2026-09-23 20:18:19,933 [ERROR] LogOutputStream:74 - [STDERR_REDIRECT] [Fatal Error] :1:1: Premature end of file.
2026-09-23 20:18:19,935 [ERROR] LogOutputStream:74 - [STDERR_REDIRECT] 
2026-09-23 20:18:20,926 [ERROR] LogOutputStream:74 - [STDERR_REDIRECT] [Fatal Error] :1:1: Premature end of file.
2026-09-23 20:18:20,926 [ERROR] LogOutputStream:74 - [STDERR_REDIRECT] 
2026-09-23 20:18:21,929 [ERROR] LogOutputStream:74 - [STDERR_REDIRECT] [Fatal Error] :1:1: Premature end of file.
2026-09-23 20:18:21,929 [ERROR] LogOutputStream:74 - [STDERR_REDIRECT] 
2026-09-23 20:18:22,944 [ERROR] LogOutputStream:74 - [STDERR_REDIRECT] [Fatal Error] :1:1: Premature end of file.
2026-09-23 20:18:22,944 [ERROR] LogOutputStream:74 - [STDERR_REDIRECT] 
2026-09-23 20:18:23,931 [ERROR] LogOutputStream:74 - [STDERR_REDIRECT] [Fatal Error] :1:1: Premature end of file.
2026-09-23 20:18:23,931 [ERROR] LogOutputStream:74 - [STDERR_REDIRECT] 
2026-09-23 20:18:24,933 [ERROR] LogOutputStream:74 - [STDERR_REDIRECT] [Fatal Error] :1:1: Premature end of file.
2026-09-23 20:18:24,933 [ERROR] LogOutputStream:74 - [STDERR_REDIRECT] 
2026-09-23 20:18:25,936 [ERROR] LogOutputStream:74 - [STDERR_REDIRECT] [Fatal Error] :1:1: Premature end of file.
2026-09-23 20:18:25,936 [ERROR] LogOutputStream:74 - [STDERR_REDIRECT] 
2026-09-23 20:18:26,923 [ERROR] LogOutputStream:74 - [STDERR_REDIRECT] [Fatal Error] :1:1: Premature end of file.
2026-09-23 20:18:26,923 [ERROR] LogOutputStream:74 - [STDERR_REDIRECT] 
2026-09-23 20:18:27,921 [ERROR] LogOutputStream:74 - [STDERR_REDIRECT] [Fatal Error] :1:1: Premature end of file.
2026-09-23 20:18:27,921 [ERROR] LogOutputStream:74 - [STDERR_REDIRECT] 
2026-09-23 20:18:28,930 [ERROR] LogOutputStream:74 - [STDERR_REDIRECT] [Fatal Error] :1:1: Premature end of file.
2026-09-23 20:18:28,943 [ERROR] LogOutputStream:74 - [STDERR_REDIRECT] 
2026-09-23 20:18:29,930 [ERROR] LogOutputStream:74 - [STDERR_REDIRECT] [Fatal Error] :1:1: Premature end of file.
2026-09-23 20:18:29,930 [ERROR] LogOutputStream:74 - [STDERR_REDIRECT] 
2026-09-23 20:18:30,925 [ERROR] LogOutputStream:74 - [STDERR_REDIRECT] [Fatal Error] :1:1: Premature end of file.
2026-09-23 20:18:30,930 [ERROR] LogOutputStream:74 - [STDERR_REDIRECT] 
2026-09-23 20:18:31,926 [ERROR] LogOutputStream:74 - [STDERR_REDIRECT] [Fatal Error] :1:1: Premature end of file.
2026-09-23 20:18:31,926 [ERROR] LogOutputStream:74 - [STDERR_REDIRECT] 
2026-09-23 20:18:32,931 [ERROR] LogOutputStream:74 - [STDERR_REDIRECT] [Fatal Error] :1:1: Premature end of file.
2026-09-23 20:18:32,931 [ERROR] LogOutputStream:74 - [STDERR_REDIRECT] 
2026-09-23 20:18:33,928 [ERROR] LogOutputStream:74 - [STDERR_REDIRECT] [Fatal Error] :1:1: Premature end of file.
2026-09-23 20:18:33,928 [ERROR] LogOutputStream:74 - [STDERR_REDIRECT] 
2026-09-23 20:18:34,924 [ERROR] LogOutputStream:74 - [STDERR_REDIRECT] [Fatal Error] :1:1: Premature end of file.
2026-09-23 20:18:34,924 [ERROR] LogOutputStream:74 - [STDERR_REDIRECT] 
2026-09-23 20:18:36,289 [ERROR] LogOutputStream:74 - [STDERR_REDIRECT] [Fatal Error] :1:1: Premature end of file.
2026-09-23 20:18:36,289 [ERROR] LogOutputStream:74 - [STDERR_REDIRECT] 
2026-09-23 20:18:36,918 [ERROR] LogOutputStream:74 - [STDERR_REDIRECT] [Fatal Error] :1:1: Premature end of file.
2026-09-23 20:18:36,918 [ERROR] LogOutputStream:74 - [STDERR_REDIRECT] 
2026-09-23 20:18:37,914 [ERROR] LogOutputStream:74 - [STDERR_REDIRECT] [Fatal Error] :1:1: Premature end of file.
2026-09-23 20:18:37,914 [ERROR] LogOutputStream:74 - [STDERR_REDIRECT] 
2026-09-23 20:18:38,921 [ERROR] LogOutputStream:74 - [STDERR_REDIRECT] [Fatal Error] :1:1: Premature end of file.
2026-09-23 20:18:38,921 [ERROR] LogOutputStream:74 - [STDERR_REDIRECT] 
2026-09-23 20:18:40,447 [ERROR] LogOutputStream:74 - [STDERR_REDIRECT] [Fatal Error] :1:1: Premature end of file.
2026-09-23 20:18:40,447 [ERROR] LogOutputStream:74 - [STDERR_REDIRECT] 
2026-09-23 20:18:40,897 [ERROR] LogOutputStream:74 - [STDERR_REDIRECT] [Fatal Error] :1:1: Premature end of file.
2026-09-23 20:18:40,897 [ERROR] LogOutputStream:74 - [STDERR_REDIRECT] 
2026-09-23 20:18:42,062 [ERROR] LogOutputStream:74 - [STDERR_REDIRECT] [Fatal Error] :1:1: Premature end of file.
2026-09-23 20:18:42,062 [ERROR] LogOutputStream:74 - [STDERR_REDIRECT] 
2026-09-23 20:18:42,954 [ERROR] LogOutputStream:74 - [STDERR_REDIRECT] [Fatal Error] :1:1: Premature end of file.
2026-09-23 20:18:42,954 [ERROR] LogOutputStream:74 - [STDERR_REDIRECT] 
2026-09-23 20:18:43,920 [ERROR] LogOutputStream:74 - [STDERR_REDIRECT] [Fatal Error] :1:1: Premature end of file.
2026-09-23 20:18:43,925 [ERROR] LogOutputStream:74 - [STDERR_REDIRECT] 
2026-09-23 20:18:45,308 [ERROR] LogOutputStream:74 - [STDERR_REDIRECT] [Fatal Error] :1:1: Premature end of file.
2026-09-23 20:18:45,308 [ERROR] LogOutputStream:74 - [STDERR_REDIRECT] 
2026-09-23 20:18:46,098 [ERROR] LogOutputStream:74 - [STDERR_REDIRECT] [Fatal Error] :1:1: Premature end of file.
2026-09-23 20:18:46,098 [ERROR] LogOutputStream:74 - [STDERR_REDIRECT] 
2026-09-23 20:18:46,915 [ERROR] LogOutputStream:74 - [STDERR_REDIRECT] [Fatal Error] :1:1: Premature end of file.
2026-09-23 20:18:46,915 [ERROR] LogOutputStream:74 - [STDERR_REDIRECT] 
2026-09-23 20:18:48,162 [ERROR] LogOutputStream:74 - [STDERR_REDIRECT] [Fatal Error] :1:1: Premature end of file.
2026-09-23 20:18:48,164 [ERROR] LogOutputStream:74 - [STDERR_REDIRECT] 
2026-09-23 20:18:48,923 [ERROR] LogOutputStream:74 - [STDERR_REDIRECT] [Fatal Error] :1:1: Premature end of file.
2026-09-23 20:18:48,923 [ERROR] LogOutputStream:74 - [STDERR_REDIRECT] 
2026-09-23 20:18:50,183 [ERROR] LogOutputStream:74 - [STDERR_REDIRECT] [Fatal Error] :1:1: Premature end of file.
2026-09-23 20:18:50,183 [ERROR] LogOutputStream:74 - [STDERR_REDIRECT] 
2026-09-23 20:18:50,912 [ERROR] LogOutputStream:74 - [STDERR_REDIRECT] [Fatal Error] :1:1: Premature end of file.
2026-09-23 20:18:50,915 [ERROR] LogOutputStream:74 - [STDERR_REDIRECT] 
2026-09-23 20:18:52,390 [ERROR] LogOutputStream:74 - [STDERR_REDIRECT] [Fatal Error] :1:1: Premature end of file.
2026-09-23 20:18:52,394 [ERROR] LogOutputStream:74 - [STDERR_REDIRECT] 
2026-09-23 20:18:53,258 [ERROR] LogOutputStream:74 - [STDERR_REDIRECT] [Fatal Error] :1:1: Premature end of file.
2026-09-23 20:18:53,258 [ERROR] LogOutputStream:74 - [STDERR_REDIRECT] 
2026-09-23 20:18:54,113 [ERROR] LogOutputStream:74 - [STDERR_REDIRECT] [Fatal Error] :1:1: Premature end of file.
2026-09-23 20:18:54,113 [ERROR] LogOutputStream:74 - [STDERR_REDIRECT] 
2026-09-23 20:18:55,354 [ERROR] LogOutputStream:74 - [STDERR_REDIRECT] [Fatal Error] :1:1: Premature end of file.
2026-09-23 20:18:55,356 [ERROR] LogOutputStream:74 - [STDERR_REDIRECT] 
2026-09-23 20:18:55,972 [ERROR] LogOutputStream:74 - [STDERR_REDIRECT] [Fatal Error] :1:1: Premature end of file.
2026-09-23 20:18:55,988 [ERROR] LogOutputStream:74 - [STDERR_REDIRECT] 
2026-09-23 20:18:56,479 [INFO] UtilMem:74 - End SaveConfig() Used Memory: 1052161952 Bytes (1073741824)
2026-09-23 20:18:57,129 [ERROR] LogOutputStream:74 - [STDERR_REDIRECT] [Fatal Error] :1:1: Premature end of file.
2026-09-23 20:18:57,129 [ERROR] LogOutputStream:74 - [STDERR_REDIRECT] 
2026-09-23 20:18:57,926 [ERROR] LogOutputStream:74 - [STDERR_REDIRECT] [Fatal Error] :1:1: Premature end of file.
2026-09-23 20:18:57,933 [ERROR] LogOutputStream:74 - [STDERR_REDIRECT] 
2026-09-23 20:18:58,905 [ERROR] LogOutputStream:74 - [STDERR_REDIRECT] [Fatal Error] :1:1: Premature end of file.
2026-09-23 20:18:58,905 [ERROR] LogOutputStream:74 - [STDERR_REDIRECT] 
2026-09-23 20:18:59,914 [ERROR] LogOutputStream:74 - [STDERR_REDIRECT] [Fatal Error] :1:1: Premature end of file.
2026-09-23 20:18:59,924 [ERROR] LogOutputStream:74 - [STDERR_REDIRECT] 
2026-09-23 20:19:00,921 [ERROR] LogOutputStream:74 - [STDERR_REDIRECT] [Fatal Error] :1:1: Premature end of file.
2026-09-23 20:19:00,921 [ERROR] LogOutputStream:74 - [STDERR_REDIRECT] 
2026-09-23 20:19:00,969 [INFO] UtilMem:74 - End SaveConfig() Used Memory: 1026918584 Bytes (1073741824)
2026-09-23 20:19:01,915 [ERROR] LogOutputStream:74 - [STDERR_REDIRECT] [Fatal Error] :1:1: Premature end of file.
2026-09-23 20:19:01,915 [ERROR] LogOutputStream:74 - [STDERR_REDIRECT] 
2026-09-23 20:19:02,924 [ERROR] LogOutputStream:74 - [STDERR_REDIRECT] [Fatal Error] :1:1: Premature end of file.
2026-09-23 20:19:02,924 [ERROR] LogOutputStream:74 - [STDERR_REDIRECT] 
2026-09-23 20:19:03,927 [ERROR] LogOutputStream:74 - [STDERR_REDIRECT] [Fatal Error] :1:1: Premature end of file.
2026-09-23 20:19:03,931 [ERROR] LogOutputStream:74 - [STDERR_REDIRECT] 
2026-09-23 20:19:04,260 [INFO] UtilMem:74 - End SaveConfig() Used Memory: 1014377608 Bytes (1073741824)
2026-09-23 20:19:04,551 [INFO] BlockDiagram:2740 - set Specific Code input for plugin: NVIC
2026-09-23 20:19:04,551 [INFO] BlockDiagram:2740 - set Specific Code input for plugin: SYS
2026-09-23 20:19:04,551 [INFO] BlockDiagram:2740 - set Specific Code input for plugin: GPIO
2026-09-23 20:19:04,551 [INFO] BlockDiagram:2740 - set Specific Code input for plugin: RCC
2026-09-23 20:19:04,553 [INFO] CodeGenerator:663 - code generatio: config db path: D:\VXL\STM32CubeIDE_1.7.0\STM32CubeIDE\plugins\com.st.stm32cube.common.mx_6.3.0.202107141111\\db\
2026-09-23 20:19:05,320 [ERROR] LogOutputStream:74 - [STDERR_REDIRECT] [Fatal Error] :1:1: Premature end of file.
2026-09-23 20:19:05,320 [ERROR] LogOutputStream:74 - [STDERR_REDIRECT] 
2026-09-23 20:19:05,458 [INFO] CodeEngine:239 - oldGeneratedFile, D:\VXL\Lab1\LED_Animation\MXTmpFiles\license.tmp_save
2026-09-23 20:19:05,514 [INFO] CodeEngine:257 - Generated code: D:\VXL\Lab1\LED_Animation\MXTmpFiles\license.tmp
2026-09-23 20:19:05,548 [INFO] CodeEngine:239 - oldGeneratedFile, D:\VXL\Lab1\LED_Animation\MXTmpFiles\gpio.tmp_save
2026-09-23 20:19:05,644 [INFO] CodeEngine:257 - Generated code: D:\VXL\Lab1\LED_Animation\MXTmpFiles\gpio.tmp
2026-09-23 20:19:05,678 [INFO] CodeEngine:239 - oldGeneratedFile, D:\VXL\Lab1\LED_Animation\Core\Src\stm32f1xx_it.c_save
2026-09-23 20:19:05,756 [INFO] CodeEngine:257 - Generated code: D:\VXL\Lab1\LED_Animation\Core\Src\stm32f1xx_it.c
2026-09-23 20:19:05,758 [INFO] CodeEngine:239 - oldGeneratedFile, D:\VXL\Lab1\LED_Animation\Core\Inc\stm32f1xx_it.h_save
2026-09-23 20:19:05,820 [INFO] CodeEngine:257 - Generated code: D:\VXL\Lab1\LED_Animation\Core\Inc\stm32f1xx_it.h
2026-09-23 20:19:05,838 [INFO] CodeEngine:239 - oldGeneratedFile, D:\VXL\Lab1\LED_Animation\Core\Src\stm32f1xx_hal_msp.c_save
2026-09-23 20:19:05,915 [ERROR] LogOutputStream:74 - [STDERR_REDIRECT] [Fatal Error] :1:1: Premature end of file.
2026-09-23 20:19:05,915 [ERROR] LogOutputStream:74 - [STDERR_REDIRECT] 
2026-09-23 20:19:05,947 [INFO] CodeEngine:257 - Generated code: D:\VXL\Lab1\LED_Animation\Core\Src\stm32f1xx_hal_msp.c
2026-09-23 20:19:05,971 [INFO] CodeEngine:239 - oldGeneratedFile, D:\VXL\Lab1\LED_Animation\MXTmpFiles\system.tmp_save
2026-09-23 20:19:06,020 [INFO] CodeEngine:257 - Generated code: D:\VXL\Lab1\LED_Animation\MXTmpFiles\system.tmp
2026-09-23 20:19:06,026 [INFO] CodeEngine:239 - oldGeneratedFile, D:\VXL\Lab1\LED_Animation\Core\Inc\stm32f1xx_hal_conf.h_save
2026-09-23 20:19:06,131 [INFO] CodeEngine:257 - Generated code: D:\VXL\Lab1\LED_Animation\Core\Inc\stm32f1xx_hal_conf.h
2026-09-23 20:19:06,173 [INFO] CodeEngine:239 - oldGeneratedFile, D:\VXL\Lab1\LED_Animation\Core\Inc\main.h_save
2026-09-23 20:19:06,243 [INFO] CodeEngine:257 - Generated code: D:\VXL\Lab1\LED_Animation\Core\Inc\main.h
2026-09-23 20:19:06,260 [INFO] CodeEngine:239 - oldGeneratedFile, D:\VXL\Lab1\LED_Animation\Core\Src\main.c_save
2026-09-23 20:19:06,360 [INFO] CodeEngine:257 - Generated code: D:\VXL\Lab1\LED_Animation\Core\Src\main.c
2026-09-23 20:19:07,181 [ERROR] LogOutputStream:74 - [STDERR_REDIRECT] [Fatal Error] :1:1: Premature end of file.
2026-09-23 20:19:07,181 [ERROR] LogOutputStream:74 - [STDERR_REDIRECT] 
2026-09-23 20:19:07,634 [INFO] ProjectBuilder:2578 - Time for Copy HAL[1] : 108mS.
2026-09-23 20:19:07,634 [INFO] ProjectBuilder:3622 - Project Generator version: 3.14.1
2026-09-23 20:19:08,443 [ERROR] LogOutputStream:74 - [STDERR_REDIRECT] [Fatal Error] :1:1: Premature end of file.
2026-09-23 20:19:08,443 [ERROR] LogOutputStream:74 - [STDERR_REDIRECT] 
2026-09-23 20:19:08,920 [ERROR] LogOutputStream:74 - [STDERR_REDIRECT] [Fatal Error] :1:1: Premature end of file.
2026-09-23 20:19:08,920 [ERROR] LogOutputStream:74 - [STDERR_REDIRECT] 
2026-09-23 20:19:08,968 [INFO] ConfigFileManager:1271 - The Die is : DIE412
2026-09-23 20:19:09,931 [ERROR] LogOutputStream:74 - [STDERR_REDIRECT] [Fatal Error] :1:1: Premature end of file.
2026-09-23 20:19:09,932 [ERROR] LogOutputStream:74 - [STDERR_REDIRECT] 
2026-09-23 20:19:10,959 [ERROR] LogOutputStream:74 - [STDERR_REDIRECT] [Fatal Error] :1:1: Premature end of file.
2026-09-23 20:19:10,959 [ERROR] LogOutputStream:74 - [STDERR_REDIRECT] 
2026-09-23 20:19:12,064 [ERROR] LogOutputStream:74 - [STDERR_REDIRECT] [Fatal Error] :1:1: Premature end of file.
2026-09-23 20:19:12,064 [ERROR] LogOutputStream:74 - [STDERR_REDIRECT] 
2026-09-23 20:19:12,977 [ERROR] LogOutputStream:74 - [STDERR_REDIRECT] [Fatal Error] :1:1: Premature end of file.
2026-09-23 20:19:12,977 [ERROR] LogOutputStream:74 - [STDERR_REDIRECT] 
2026-09-23 20:19:13,192 [INFO] ProjectBuilder:3789 - Time for Generating toolchain IDE Files: 5558mS.
2026-09-23 20:19:13,192 [INFO] ProjectBuilder:2457 - Time for Copy CMSIS : 0mS.
2026-09-23 20:19:13,194 [INFO] ProjectBuilder:2457 - Time for Copy CMSIS : 0mS.
2026-09-23 20:19:13,905 [ERROR] LogOutputStream:74 - [STDERR_REDIRECT] [Fatal Error] :1:1: Premature end of file.
2026-09-23 20:19:13,905 [ERROR] LogOutputStream:74 - [STDERR_REDIRECT] 
2026-09-23 20:19:14,926 [ERROR] LogOutputStream:74 - [STDERR_REDIRECT] [Fatal Error] :1:1: Premature end of file.
2026-09-23 20:19:14,926 [ERROR] LogOutputStream:74 - [STDERR_REDIRECT] 
2026-09-23 20:19:15,920 [ERROR] LogOutputStream:74 - [STDERR_REDIRECT] [Fatal Error] :1:1: Premature end of file.
2026-09-23 20:19:15,920 [ERROR] LogOutputStream:74 - [STDERR_REDIRECT] 
2026-09-23 20:19:16,926 [ERROR] LogOutputStream:74 - [STDERR_REDIRECT] [Fatal Error] :1:1: Premature end of file.
2026-09-23 20:19:16,926 [ERROR] LogOutputStream:74 - [STDERR_REDIRECT] 
2026-09-23 20:19:17,927 [ERROR] LogOutputStream:74 - [STDERR_REDIRECT] [Fatal Error] :1:1: Premature end of file.
2026-09-23 20:19:17,927 [ERROR] LogOutputStream:74 - [STDERR_REDIRECT] 
2026-09-23 20:19:18,932 [ERROR] LogOutputStream:74 - [STDERR_REDIRECT] [Fatal Error] :1:1: Premature end of file.
2026-09-23 20:19:18,932 [ERROR] LogOutputStream:74 - [STDERR_REDIRECT] 
2026-09-23 20:19:19,920 [ERROR] LogOutputStream:74 - [STDERR_REDIRECT] [Fatal Error] :1:1: Premature end of file.
2026-09-23 20:19:19,920 [ERROR] LogOutputStream:74 - [STDERR_REDIRECT] 
2026-09-23 20:19:20,922 [ERROR] LogOutputStream:74 - [STDERR_REDIRECT] [Fatal Error] :1:1: Premature end of file.
2026-09-23 20:19:20,922 [ERROR] LogOutputStream:74 - [STDERR_REDIRECT] 
2026-09-23 20:19:21,911 [ERROR] LogOutputStream:74 - [STDERR_REDIRECT] [Fatal Error] :1:1: Premature end of file.
2026-09-23 20:19:21,911 [ERROR] LogOutputStream:74 - [STDERR_REDIRECT] 
2026-09-23 20:19:22,923 [ERROR] LogOutputStream:74 - [STDERR_REDIRECT] [Fatal Error] :1:1: Premature end of file.
2026-09-23 20:19:22,923 [ERROR] LogOutputStream:74 - [STDERR_REDIRECT] 
2026-09-23 20:19:23,924 [ERROR] LogOutputStream:74 - [STDERR_REDIRECT] [Fatal Error] :1:1: Premature end of file.
2026-09-23 20:19:23,924 [ERROR] LogOutputStream:74 - [STDERR_REDIRECT] 
2026-09-23 20:19:24,919 [ERROR] LogOutputStream:74 - [STDERR_REDIRECT] [Fatal Error] :1:1: Premature end of file.
2026-09-23 20:19:24,919 [ERROR] LogOutputStream:74 - [STDERR_REDIRECT] 
2026-09-23 20:19:25,920 [ERROR] LogOutputStream:74 - [STDERR_REDIRECT] [Fatal Error] :1:1: Premature end of file.
2026-09-23 20:19:25,920 [ERROR] LogOutputStream:74 - [STDERR_REDIRECT] 
2026-09-23 20:19:26,915 [ERROR] LogOutputStream:74 - [STDERR_REDIRECT] [Fatal Error] :1:1: Premature end of file.
2026-09-23 20:19:26,915 [ERROR] LogOutputStream:74 - [STDERR_REDIRECT] 
2026-09-23 20:19:27,915 [ERROR] LogOutputStream:74 - [STDERR_REDIRECT] [Fatal Error] :1:1: Premature end of file.
2026-09-23 20:19:27,915 [ERROR] LogOutputStream:74 - [STDERR_REDIRECT] 
2026-09-23 20:19:28,915 [ERROR] LogOutputStream:74 - [STDERR_REDIRECT] [Fatal Error] :1:1: Premature end of file.
2026-09-23 20:19:28,915 [ERROR] LogOutputStream:74 - [STDERR_REDIRECT] 
2026-09-23 20:19:29,911 [ERROR] LogOutputStream:74 - [STDERR_REDIRECT] [Fatal Error] :1:1: Premature end of file.
2026-09-23 20:19:29,911 [ERROR] LogOutputStream:74 - [STDERR_REDIRECT] 
2026-09-23 20:19:30,919 [ERROR] LogOutputStream:74 - [STDERR_REDIRECT] [Fatal Error] :1:1: Premature end of file.
2026-09-23 20:19:30,919 [ERROR] LogOutputStream:74 - [STDERR_REDIRECT] 
2026-09-23 20:19:31,953 [ERROR] LogOutputStream:74 - [STDERR_REDIRECT] [Fatal Error] :1:1: Premature end of file.
2026-09-23 20:19:31,953 [ERROR] LogOutputStream:74 - [STDERR_REDIRECT] 
2026-09-23 20:19:32,921 [ERROR] LogOutputStream:74 - [STDERR_REDIRECT] [Fatal Error] :1:1: Premature end of file.
2026-09-23 20:19:32,921 [ERROR] LogOutputStream:74 - [STDERR_REDIRECT] 
2026-09-23 20:19:33,923 [ERROR] LogOutputStream:74 - [STDERR_REDIRECT] [Fatal Error] :1:1: Premature end of file.
2026-09-23 20:19:33,923 [ERROR] LogOutputStream:74 - [STDERR_REDIRECT] 
2026-09-23 20:19:34,913 [ERROR] LogOutputStream:74 - [STDERR_REDIRECT] [Fatal Error] :1:1: Premature end of file.
2026-09-23 20:19:34,913 [ERROR] LogOutputStream:74 - [STDERR_REDIRECT] 
2026-09-23 20:19:35,924 [ERROR] LogOutputStream:74 - [STDERR_REDIRECT] [Fatal Error] :1:1: Premature end of file.
2026-09-23 20:19:35,924 [ERROR] LogOutputStream:74 - [STDERR_REDIRECT] 
2026-09-23 20:19:36,917 [ERROR] LogOutputStream:74 - [STDERR_REDIRECT] [Fatal Error] :1:1: Premature end of file.
2026-09-23 20:19:36,917 [ERROR] LogOutputStream:74 - [STDERR_REDIRECT] 
2026-09-23 20:19:37,911 [ERROR] LogOutputStream:74 - [STDERR_REDIRECT] [Fatal Error] :1:1: Premature end of file.
2026-09-23 20:19:37,911 [ERROR] LogOutputStream:74 - [STDERR_REDIRECT] 
2026-09-23 20:19:38,923 [ERROR] LogOutputStream:74 - [STDERR_REDIRECT] [Fatal Error] :1:1: Premature end of file.
2026-09-23 20:19:38,923 [ERROR] LogOutputStream:74 - [STDERR_REDIRECT] 
2026-09-23 20:19:39,915 [ERROR] LogOutputStream:74 - [STDERR_REDIRECT] [Fatal Error] :1:1: Premature end of file.
2026-09-23 20:19:39,915 [ERROR] LogOutputStream:74 - [STDERR_REDIRECT] 
2026-09-23 20:19:40,927 [ERROR] LogOutputStream:74 - [STDERR_REDIRECT] [Fatal Error] :1:1: Premature end of file.
2026-09-23 20:19:40,927 [ERROR] LogOutputStream:74 - [STDERR_REDIRECT] 
2026-09-23 20:19:41,913 [ERROR] LogOutputStream:74 - [STDERR_REDIRECT] [Fatal Error] :1:1: Premature end of file.
2026-09-23 20:19:41,913 [ERROR] LogOutputStream:74 - [STDERR_REDIRECT] 
2026-09-23 20:19:42,908 [ERROR] LogOutputStream:74 - [STDERR_REDIRECT] [Fatal Error] :1:1: Premature end of file.
2026-09-23 20:19:42,908 [ERROR] LogOutputStream:74 - [STDERR_REDIRECT] 
2026-09-23 20:19:43,919 [ERROR] LogOutputStream:74 - [STDERR_REDIRECT] [Fatal Error] :1:1: Premature end of file.
2026-09-23 20:19:43,919 [ERROR] LogOutputStream:74 - [STDERR_REDIRECT] 
2026-09-23 20:19:44,912 [ERROR] LogOutputStream:74 - [STDERR_REDIRECT] [Fatal Error] :1:1: Premature end of file.
2026-09-23 20:19:44,912 [ERROR] LogOutputStream:74 - [STDERR_REDIRECT] 
2026-09-23 20:19:45,923 [ERROR] LogOutputStream:74 - [STDERR_REDIRECT] [Fatal Error] :1:1: Premature end of file.
2026-09-23 20:19:45,923 [ERROR] LogOutputStream:74 - [STDERR_REDIRECT] 
2026-09-23 20:19:46,921 [ERROR] LogOutputStream:74 - [STDERR_REDIRECT] [Fatal Error] :1:1: Premature end of file.
2026-09-23 20:19:46,921 [ERROR] LogOutputStream:74 - [STDERR_REDIRECT] 
2026-09-23 20:19:47,921 [ERROR] LogOutputStream:74 - [STDERR_REDIRECT] [Fatal Error] :1:1: Premature end of file.
2026-09-23 20:19:47,921 [ERROR] LogOutputStream:74 - [STDERR_REDIRECT] 
2026-09-23 20:19:48,911 [ERROR] LogOutputStream:74 - [STDERR_REDIRECT] [Fatal Error] :1:1: Premature end of file.
2026-09-23 20:19:48,911 [ERROR] LogOutputStream:74 - [STDERR_REDIRECT] 
2026-09-23 20:19:49,917 [ERROR] LogOutputStream:74 - [STDERR_REDIRECT] [Fatal Error] :1:1: Premature end of file.
2026-09-23 20:19:49,917 [ERROR] LogOutputStream:74 - [STDERR_REDIRECT] 
2026-09-23 20:19:50,911 [ERROR] LogOutputStream:74 - [STDERR_REDIRECT] [Fatal Error] :1:1: Premature end of file.
2026-09-23 20:19:50,911 [ERROR] LogOutputStream:74 - [STDERR_REDIRECT] 
2026-09-23 20:19:51,922 [ERROR] LogOutputStream:74 - [STDERR_REDIRECT] [Fatal Error] :1:1: Premature end of file.
2026-09-23 20:19:51,923 [ERROR] LogOutputStream:74 - [STDERR_REDIRECT] 
2026-09-23 20:19:52,915 [ERROR] LogOutputStream:74 - [STDERR_REDIRECT] [Fatal Error] :1:1: Premature end of file.
2026-09-23 20:19:52,915 [ERROR] LogOutputStream:74 - [STDERR_REDIRECT] 
2026-09-23 20:19:53,918 [ERROR] LogOutputStream:74 - [STDERR_REDIRECT] [Fatal Error] :1:1: Premature end of file.
2026-09-23 20:19:53,918 [ERROR] LogOutputStream:74 - [STDERR_REDIRECT] 
2026-09-23 20:19:54,917 [ERROR] LogOutputStream:74 - [STDERR_REDIRECT] [Fatal Error] :1:1: Premature end of file.
2026-09-23 20:19:54,917 [ERROR] LogOutputStream:74 - [STDERR_REDIRECT] 
2026-09-23 20:19:55,921 [ERROR] LogOutputStream:74 - [STDERR_REDIRECT] [Fatal Error] :1:1: Premature end of file.
2026-09-23 20:19:55,921 [ERROR] LogOutputStream:74 - [STDERR_REDIRECT] 
2026-09-23 20:19:56,913 [ERROR] LogOutputStream:74 - [STDERR_REDIRECT] [Fatal Error] :1:1: Premature end of file.
2026-09-23 20:19:56,913 [ERROR] LogOutputStream:74 - [STDERR_REDIRECT] 
2026-09-23 20:19:57,909 [ERROR] LogOutputStream:74 - [STDERR_REDIRECT] [Fatal Error] :1:1: Premature end of file.
2026-09-23 20:19:57,909 [ERROR] LogOutputStream:74 - [STDERR_REDIRECT] 
2026-09-23 20:19:58,913 [ERROR] LogOutputStream:74 - [STDERR_REDIRECT] [Fatal Error] :1:1: Premature end of file.
2026-09-23 20:19:58,913 [ERROR] LogOutputStream:74 - [STDERR_REDIRECT] 
2026-09-23 20:19:59,918 [ERROR] LogOutputStream:74 - [STDERR_REDIRECT] [Fatal Error] :1:1: Premature end of file.
2026-09-23 20:19:59,918 [ERROR] LogOutputStream:74 - [STDERR_REDIRECT] 
2026-09-23 20:20:00,924 [ERROR] LogOutputStream:74 - [STDERR_REDIRECT] [Fatal Error] :1:1: Premature end of file.
2026-09-23 20:20:00,924 [ERROR] LogOutputStream:74 - [STDERR_REDIRECT] 
2026-09-23 20:20:01,923 [ERROR] LogOutputStream:74 - [STDERR_REDIRECT] [Fatal Error] :1:1: Premature end of file.
2026-09-23 20:20:01,923 [ERROR] LogOutputStream:74 - [STDERR_REDIRECT] 
2026-09-23 20:20:02,927 [ERROR] LogOutputStream:74 - [STDERR_REDIRECT] [Fatal Error] :1:1: Premature end of file.
2026-09-23 20:20:02,927 [ERROR] LogOutputStream:74 - [STDERR_REDIRECT] 
2026-09-23 20:20:03,928 [ERROR] LogOutputStream:74 - [STDERR_REDIRECT] [Fatal Error] :1:1: Premature end of file.
2026-09-23 20:20:03,928 [ERROR] LogOutputStream:74 - [STDERR_REDIRECT] 
2026-09-23 20:20:04,941 [ERROR] LogOutputStream:74 - [STDERR_REDIRECT] [Fatal Error] :1:1: Premature end of file.
2026-09-23 20:20:04,942 [ERROR] LogOutputStream:74 - [STDERR_REDIRECT] 
2026-09-23 20:20:05,924 [ERROR] LogOutputStream:74 - [STDERR_REDIRECT] [Fatal Error] :1:1: Premature end of file.
2026-09-23 20:20:05,924 [ERROR] LogOutputStream:74 - [STDERR_REDIRECT] 
2026-09-23 20:20:06,924 [ERROR] LogOutputStream:74 - [STDERR_REDIRECT] [Fatal Error] :1:1: Premature end of file.
2026-09-23 20:20:06,924 [ERROR] LogOutputStream:74 - [STDERR_REDIRECT] 
2026-09-23 20:20:07,919 [ERROR] LogOutputStream:74 - [STDERR_REDIRECT] [Fatal Error] :1:1: Premature end of file.
2026-09-23 20:20:07,919 [ERROR] LogOutputStream:74 - [STDERR_REDIRECT] 
2026-09-23 20:20:08,907 [ERROR] LogOutputStream:74 - [STDERR_REDIRECT] [Fatal Error] :1:1: Premature end of file.
2026-09-23 20:20:08,917 [ERROR] LogOutputStream:74 - [STDERR_REDIRECT] 
2026-09-23 20:20:09,923 [ERROR] LogOutputStream:74 - [STDERR_REDIRECT] [Fatal Error] :1:1: Premature end of file.
2026-09-23 20:20:09,923 [ERROR] LogOutputStream:74 - [STDERR_REDIRECT] 
2026-09-23 20:20:10,918 [ERROR] LogOutputStream:74 - [STDERR_REDIRECT] [Fatal Error] :1:1: Premature end of file.
2026-09-23 20:20:10,918 [ERROR] LogOutputStream:74 - [STDERR_REDIRECT] 
2026-09-23 20:20:11,920 [ERROR] LogOutputStream:74 - [STDERR_REDIRECT] [Fatal Error] :1:1: Premature end of file.
2026-09-23 20:20:11,920 [ERROR] LogOutputStream:74 - [STDERR_REDIRECT] 
2026-09-23 20:20:12,912 [ERROR] LogOutputStream:74 - [STDERR_REDIRECT] [Fatal Error] :1:1: Premature end of file.
2026-09-23 20:20:12,912 [ERROR] LogOutputStream:74 - [STDERR_REDIRECT] 
2026-09-23 20:20:13,925 [ERROR] LogOutputStream:74 - [STDERR_REDIRECT] [Fatal Error] :1:1: Premature end of file.
2026-09-23 20:20:13,925 [ERROR] LogOutputStream:74 - [STDERR_REDIRECT] 
2026-09-23 20:20:14,918 [ERROR] LogOutputStream:74 - [STDERR_REDIRECT] [Fatal Error] :1:1: Premature end of file.
2026-09-23 20:20:14,918 [ERROR] LogOutputStream:74 - [STDERR_REDIRECT] 
2026-09-23 20:20:15,904 [ERROR] LogOutputStream:74 - [STDERR_REDIRECT] [Fatal Error] :1:1: Premature end of file.
2026-09-23 20:20:15,904 [ERROR] LogOutputStream:74 - [STDERR_REDIRECT] 
2026-09-23 20:20:16,917 [ERROR] LogOutputStream:74 - [STDERR_REDIRECT] [Fatal Error] :1:1: Premature end of file.
2026-09-23 20:20:16,917 [ERROR] LogOutputStream:74 - [STDERR_REDIRECT] 
2026-09-23 20:20:17,901 [ERROR] LogOutputStream:74 - [STDERR_REDIRECT] [Fatal Error] :1:1: Premature end of file.
2026-09-23 20:20:17,901 [ERROR] LogOutputStream:74 - [STDERR_REDIRECT] 
2026-09-23 20:20:18,926 [ERROR] LogOutputStream:74 - [STDERR_REDIRECT] [Fatal Error] :1:1: Premature end of file.
2026-09-23 20:20:18,926 [ERROR] LogOutputStream:74 - [STDERR_REDIRECT] 
2026-09-23 20:20:19,917 [ERROR] LogOutputStream:74 - [STDERR_REDIRECT] [Fatal Error] :1:1: Premature end of file.
2026-09-23 20:20:19,917 [ERROR] LogOutputStream:74 - [STDERR_REDIRECT] 
2026-09-23 20:20:20,910 [ERROR] LogOutputStream:74 - [STDERR_REDIRECT] [Fatal Error] :1:1: Premature end of file.
2026-09-23 20:20:20,910 [ERROR] LogOutputStream:74 - [STDERR_REDIRECT] 
2026-09-23 20:20:21,919 [ERROR] LogOutputStream:74 - [STDERR_REDIRECT] [Fatal Error] :1:1: Premature end of file.
2026-09-23 20:20:21,919 [ERROR] LogOutputStream:74 - [STDERR_REDIRECT] 
2026-09-23 20:20:22,921 [ERROR] LogOutputStream:74 - [STDERR_REDIRECT] [Fatal Error] :1:1: Premature end of file.
2026-09-23 20:20:22,921 [ERROR] LogOutputStream:74 - [STDERR_REDIRECT] 
2026-09-23 20:20:23,914 [ERROR] LogOutputStream:74 - [STDERR_REDIRECT] [Fatal Error] :1:1: Premature end of file.
2026-09-23 20:20:23,914 [ERROR] LogOutputStream:74 - [STDERR_REDIRECT] 
2026-09-23 20:20:24,921 [ERROR] LogOutputStream:74 - [STDERR_REDIRECT] [Fatal Error] :1:1: Premature end of file.
2026-09-23 20:20:24,921 [ERROR] LogOutputStream:74 - [STDERR_REDIRECT] 
2026-09-23 20:20:25,923 [ERROR] LogOutputStream:74 - [STDERR_REDIRECT] [Fatal Error] :1:1: Premature end of file.
2026-09-23 20:20:25,923 [ERROR] LogOutputStream:74 - [STDERR_REDIRECT] 
2026-09-23 20:20:26,925 [ERROR] LogOutputStream:74 - [STDERR_REDIRECT] [Fatal Error] :1:1: Premature end of file.
2026-09-23 20:20:26,933 [ERROR] LogOutputStream:74 - [STDERR_REDIRECT] 
2026-09-23 20:20:27,913 [ERROR] LogOutputStream:74 - [STDERR_REDIRECT] [Fatal Error] :1:1: Premature end of file.
2026-09-23 20:20:27,913 [ERROR] LogOutputStream:74 - [STDERR_REDIRECT] 
2026-09-23 20:20:28,930 [ERROR] LogOutputStream:74 - [STDERR_REDIRECT] [Fatal Error] :1:1: Premature end of file.
2026-09-23 20:20:28,930 [ERROR] LogOutputStream:74 - [STDERR_REDIRECT] 
2026-09-23 20:20:29,936 [ERROR] LogOutputStream:74 - [STDERR_REDIRECT] [Fatal Error] :1:1: Premature end of file.
2026-09-23 20:20:29,953 [ERROR] LogOutputStream:74 - [STDERR_REDIRECT] 
2026-09-23 20:20:30,924 [ERROR] LogOutputStream:74 - [STDERR_REDIRECT] [Fatal Error] :1:1: Premature end of file.
2026-09-23 20:20:30,924 [ERROR] LogOutputStream:74 - [STDERR_REDIRECT] 
2026-09-23 20:20:31,913 [ERROR] LogOutputStream:74 - [STDERR_REDIRECT] [Fatal Error] :1:1: Premature end of file.
2026-09-23 20:20:31,913 [ERROR] LogOutputStream:74 - [STDERR_REDIRECT] 
2026-09-23 20:20:32,918 [ERROR] LogOutputStream:74 - [STDERR_REDIRECT] [Fatal Error] :1:1: Premature end of file.
2026-09-23 20:20:32,918 [ERROR] LogOutputStream:74 - [STDERR_REDIRECT] 
2026-09-23 20:20:33,916 [ERROR] LogOutputStream:74 - [STDERR_REDIRECT] [Fatal Error] :1:1: Premature end of file.
2026-09-23 20:20:33,916 [ERROR] LogOutputStream:74 - [STDERR_REDIRECT] 
2026-09-23 20:20:34,922 [ERROR] LogOutputStream:74 - [STDERR_REDIRECT] [Fatal Error] :1:1: Premature end of file.
2026-09-23 20:20:34,922 [ERROR] LogOutputStream:74 - [STDERR_REDIRECT] 
2026-09-23 20:20:35,911 [ERROR] LogOutputStream:74 - [STDERR_REDIRECT] [Fatal Error] :1:1: Premature end of file.
2026-09-23 20:20:35,911 [ERROR] LogOutputStream:74 - [STDERR_REDIRECT] 
2026-09-23 20:20:36,920 [ERROR] LogOutputStream:74 - [STDERR_REDIRECT] [Fatal Error] :1:1: Premature end of file.
2026-09-23 20:20:36,920 [ERROR] LogOutputStream:74 - [STDERR_REDIRECT] 
2026-09-23 20:20:37,925 [ERROR] LogOutputStream:74 - [STDERR_REDIRECT] [Fatal Error] :1:1: Premature end of file.
2026-09-23 20:20:37,925 [ERROR] LogOutputStream:74 - [STDERR_REDIRECT] 
2026-09-23 20:20:38,924 [ERROR] LogOutputStream:74 - [STDERR_REDIRECT] [Fatal Error] :1:1: Premature end of file.
2026-09-23 20:20:38,924 [ERROR] LogOutputStream:74 - [STDERR_REDIRECT] 
2026-09-23 20:20:39,922 [ERROR] LogOutputStream:74 - [STDERR_REDIRECT] [Fatal Error] :1:1: Premature end of file.
2026-09-23 20:20:39,922 [ERROR] LogOutputStream:74 - [STDERR_REDIRECT] 
2026-09-23 20:20:40,908 [ERROR] LogOutputStream:74 - [STDERR_REDIRECT] [Fatal Error] :1:1: Premature end of file.
2026-09-23 20:20:40,908 [ERROR] LogOutputStream:74 - [STDERR_REDIRECT] 
2026-09-23 20:20:41,915 [ERROR] LogOutputStream:74 - [STDERR_REDIRECT] [Fatal Error] :1:1: Premature end of file.
2026-09-23 20:20:41,915 [ERROR] LogOutputStream:74 - [STDERR_REDIRECT] 
2026-09-23 20:20:42,915 [ERROR] LogOutputStream:74 - [STDERR_REDIRECT] [Fatal Error] :1:1: Premature end of file.
2026-09-23 20:20:42,915 [ERROR] LogOutputStream:74 - [STDERR_REDIRECT] 
2026-09-23 20:20:43,924 [ERROR] LogOutputStream:74 - [STDERR_REDIRECT] [Fatal Error] :1:1: Premature end of file.
2026-09-23 20:20:43,924 [ERROR] LogOutputStream:74 - [STDERR_REDIRECT] 
2026-09-23 20:20:44,897 [ERROR] LogOutputStream:74 - [STDERR_REDIRECT] [Fatal Error] :1:1: Premature end of file.
2026-09-23 20:20:44,897 [ERROR] LogOutputStream:74 - [STDERR_REDIRECT] 
2026-09-23 20:20:45,904 [ERROR] LogOutputStream:74 - [STDERR_REDIRECT] [Fatal Error] :1:1: Premature end of file.
2026-09-23 20:20:45,904 [ERROR] LogOutputStream:74 - [STDERR_REDIRECT] 
2026-09-23 20:20:46,932 [ERROR] LogOutputStream:74 - [STDERR_REDIRECT] [Fatal Error] :1:1: Premature end of file.
2026-09-23 20:20:46,932 [ERROR] LogOutputStream:74 - [STDERR_REDIRECT] 
2026-09-23 20:20:47,925 [ERROR] LogOutputStream:74 - [STDERR_REDIRECT] [Fatal Error] :1:1: Premature end of file.
2026-09-23 20:20:47,925 [ERROR] LogOutputStream:74 - [STDERR_REDIRECT] 
2026-09-23 20:20:48,914 [ERROR] LogOutputStream:74 - [STDERR_REDIRECT] [Fatal Error] :1:1: Premature end of file.
2026-09-23 20:20:48,914 [ERROR] LogOutputStream:74 - [STDERR_REDIRECT] 
2026-09-23 20:20:49,923 [ERROR] LogOutputStream:74 - [STDERR_REDIRECT] [Fatal Error] :1:1: Premature end of file.
2026-09-23 20:20:49,923 [ERROR] LogOutputStream:74 - [STDERR_REDIRECT] 
2026-09-23 20:20:50,918 [ERROR] LogOutputStream:74 - [STDERR_REDIRECT] [Fatal Error] :1:1: Premature end of file.
2026-09-23 20:20:50,918 [ERROR] LogOutputStream:74 - [STDERR_REDIRECT] 
2026-09-23 20:20:51,912 [ERROR] LogOutputStream:74 - [STDERR_REDIRECT] [Fatal Error] :1:1: Premature end of file.
2026-09-23 20:20:51,912 [ERROR] LogOutputStream:74 - [STDERR_REDIRECT] 
2026-09-23 20:20:52,903 [ERROR] LogOutputStream:74 - [STDERR_REDIRECT] [Fatal Error] :1:1: Premature end of file.
2026-09-23 20:20:52,903 [ERROR] LogOutputStream:74 - [STDERR_REDIRECT] 
2026-09-23 20:20:53,914 [ERROR] LogOutputStream:74 - [STDERR_REDIRECT] [Fatal Error] :1:1: Premature end of file.
2026-09-23 20:20:53,914 [ERROR] LogOutputStream:74 - [STDERR_REDIRECT] 
2026-09-23 20:20:54,923 [ERROR] LogOutputStream:74 - [STDERR_REDIRECT] [Fatal Error] :1:1: Premature end of file.
2026-09-23 20:20:54,923 [ERROR] LogOutputStream:74 - [STDERR_REDIRECT] 
2026-09-23 20:20:55,924 [ERROR] LogOutputStream:74 - [STDERR_REDIRECT] [Fatal Error] :1:1: Premature end of file.
2026-09-23 20:20:55,924 [ERROR] LogOutputStream:74 - [STDERR_REDIRECT] 
2026-09-23 20:20:56,928 [ERROR] LogOutputStream:74 - [STDERR_REDIRECT] [Fatal Error] :1:1: Premature end of file.
2026-09-23 20:20:56,928 [ERROR] LogOutputStream:74 - [STDERR_REDIRECT] 
2026-09-23 20:20:57,918 [ERROR] LogOutputStream:74 - [STDERR_REDIRECT] [Fatal Error] :1:1: Premature end of file.
2026-09-23 20:20:57,918 [ERROR] LogOutputStream:74 - [STDERR_REDIRECT] 
2026-09-23 20:20:58,935 [ERROR] LogOutputStream:74 - [STDERR_REDIRECT] [Fatal Error] :1:1: Premature end of file.
2026-09-23 20:20:58,935 [ERROR] LogOutputStream:74 - [STDERR_REDIRECT] 
2026-09-23 20:20:59,921 [ERROR] LogOutputStream:74 - [STDERR_REDIRECT] [Fatal Error] :1:1: Premature end of file.
2026-09-23 20:20:59,921 [ERROR] LogOutputStream:74 - [STDERR_REDIRECT] 
2026-09-23 20:21:00,915 [ERROR] LogOutputStream:74 - [STDERR_REDIRECT] [Fatal Error] :1:1: Premature end of file.
2026-09-23 20:21:00,922 [ERROR] LogOutputStream:74 - [STDERR_REDIRECT] 
2026-09-23 20:21:01,912 [ERROR] LogOutputStream:74 - [STDERR_REDIRECT] [Fatal Error] :1:1: Premature end of file.
2026-09-23 20:21:01,912 [ERROR] LogOutputStream:74 - [STDERR_REDIRECT] 
2026-09-23 20:21:02,927 [ERROR] LogOutputStream:74 - [STDERR_REDIRECT] [Fatal Error] :1:1: Premature end of file.
2026-09-23 20:21:02,927 [ERROR] LogOutputStream:74 - [STDERR_REDIRECT] 
2026-09-23 20:21:03,915 [ERROR] LogOutputStream:74 - [STDERR_REDIRECT] [Fatal Error] :1:1: Premature end of file.
2026-09-23 20:21:03,915 [ERROR] LogOutputStream:74 - [STDERR_REDIRECT] 
2026-09-23 20:21:04,928 [ERROR] LogOutputStream:74 - [STDERR_REDIRECT] [Fatal Error] :1:1: Premature end of file.
2026-09-23 20:21:04,928 [ERROR] LogOutputStream:74 - [STDERR_REDIRECT] 
2026-09-23 20:21:05,928 [ERROR] LogOutputStream:74 - [STDERR_REDIRECT] [Fatal Error] :1:1: Premature end of file.
2026-09-23 20:21:05,928 [ERROR] LogOutputStream:74 - [STDERR_REDIRECT] 
2026-09-23 20:21:06,917 [ERROR] LogOutputStream:74 - [STDERR_REDIRECT] [Fatal Error] :1:1: Premature end of file.
2026-09-23 20:21:06,917 [ERROR] LogOutputStream:74 - [STDERR_REDIRECT] 
2026-09-23 20:21:07,914 [ERROR] LogOutputStream:74 - [STDERR_REDIRECT] [Fatal Error] :1:1: Premature end of file.
2026-09-23 20:21:07,914 [ERROR] LogOutputStream:74 - [STDERR_REDIRECT] 
2026-09-23 20:21:08,911 [ERROR] LogOutputStream:74 - [STDERR_REDIRECT] [Fatal Error] :1:1: Premature end of file.
2026-09-23 20:21:08,911 [ERROR] LogOutputStream:74 - [STDERR_REDIRECT] 
2026-09-23 20:21:09,931 [ERROR] LogOutputStream:74 - [STDERR_REDIRECT] [Fatal Error] :1:1: Premature end of file.
2026-09-23 20:21:09,931 [ERROR] LogOutputStream:74 - [STDERR_REDIRECT] 
2026-09-23 20:21:10,917 [ERROR] LogOutputStream:74 - [STDERR_REDIRECT] [Fatal Error] :1:1: Premature end of file.
2026-09-23 20:21:10,926 [ERROR] LogOutputStream:74 - [STDERR_REDIRECT] 
2026-09-23 20:21:11,922 [ERROR] LogOutputStream:74 - [STDERR_REDIRECT] [Fatal Error] :1:1: Premature end of file.
2026-09-23 20:21:11,922 [ERROR] LogOutputStream:74 - [STDERR_REDIRECT] 
2026-09-23 20:21:12,912 [ERROR] LogOutputStream:74 - [STDERR_REDIRECT] [Fatal Error] :1:1: Premature end of file.
2026-09-23 20:21:12,912 [ERROR] LogOutputStream:74 - [STDERR_REDIRECT] 
2026-09-23 20:21:13,929 [ERROR] LogOutputStream:74 - [STDERR_REDIRECT] [Fatal Error] :1:1: Premature end of file.
2026-09-23 20:21:13,929 [ERROR] LogOutputStream:74 - [STDERR_REDIRECT] 
2026-09-23 20:21:14,925 [ERROR] LogOutputStream:74 - [STDERR_REDIRECT] [Fatal Error] :1:1: Premature end of file.
2026-09-23 20:21:14,925 [ERROR] LogOutputStream:74 - [STDERR_REDIRECT] 
2026-09-23 20:21:15,925 [ERROR] LogOutputStream:74 - [STDERR_REDIRECT] [Fatal Error] :1:1: Premature end of file.
2026-09-23 20:21:15,925 [ERROR] LogOutputStream:74 - [STDERR_REDIRECT] 
2026-09-23 20:21:16,917 [ERROR] LogOutputStream:74 - [STDERR_REDIRECT] [Fatal Error] :1:1: Premature end of file.
2026-09-23 20:21:16,917 [ERROR] LogOutputStream:74 - [STDERR_REDIRECT] 
2026-09-23 20:21:17,933 [ERROR] LogOutputStream:74 - [STDERR_REDIRECT] [Fatal Error] :1:1: Premature end of file.
2026-09-23 20:21:17,933 [ERROR] LogOutputStream:74 - [STDERR_REDIRECT] 
2026-09-23 20:21:18,922 [ERROR] LogOutputStream:74 - [STDERR_REDIRECT] [Fatal Error] :1:1: Premature end of file.
2026-09-23 20:21:18,922 [ERROR] LogOutputStream:74 - [STDERR_REDIRECT] 
2026-09-23 20:21:19,926 [ERROR] LogOutputStream:74 - [STDERR_REDIRECT] [Fatal Error] :1:1: Premature end of file.
2026-09-23 20:21:19,926 [ERROR] LogOutputStream:74 - [STDERR_REDIRECT] 
2026-09-23 20:21:20,930 [ERROR] LogOutputStream:74 - [STDERR_REDIRECT] [Fatal Error] :1:1: Premature end of file.
2026-09-23 20:21:20,930 [ERROR] LogOutputStream:74 - [STDERR_REDIRECT] 
2026-09-23 20:21:21,913 [ERROR] LogOutputStream:74 - [STDERR_REDIRECT] [Fatal Error] :1:1: Premature end of file.
2026-09-23 20:21:21,913 [ERROR] LogOutputStream:74 - [STDERR_REDIRECT] 
2026-09-23 20:21:22,913 [ERROR] LogOutputStream:74 - [STDERR_REDIRECT] [Fatal Error] :1:1: Premature end of file.
2026-09-23 20:21:22,913 [ERROR] LogOutputStream:74 - [STDERR_REDIRECT] 
2026-09-23 20:21:23,934 [ERROR] LogOutputStream:74 - [STDERR_REDIRECT] [Fatal Error] :1:1: Premature end of file.
2026-09-23 20:21:23,934 [ERROR] LogOutputStream:74 - [STDERR_REDIRECT] 
2026-09-23 20:21:24,923 [ERROR] LogOutputStream:74 - [STDERR_REDIRECT] [Fatal Error] :1:1: Premature end of file.
2026-09-23 20:21:24,923 [ERROR] LogOutputStream:74 - [STDERR_REDIRECT] 
2026-09-23 20:21:25,922 [ERROR] LogOutputStream:74 - [STDERR_REDIRECT] [Fatal Error] :1:1: Premature end of file.
2026-09-23 20:21:25,922 [ERROR] LogOutputStream:74 - [STDERR_REDIRECT] 
2026-09-23 20:21:26,917 [ERROR] LogOutputStream:74 - [STDERR_REDIRECT] [Fatal Error] :1:1: Premature end of file.
2026-09-23 20:21:26,917 [ERROR] LogOutputStream:74 - [STDERR_REDIRECT] 
2026-09-23 20:21:27,916 [ERROR] LogOutputStream:74 - [STDERR_REDIRECT] [Fatal Error] :1:1: Premature end of file.
2026-09-23 20:21:27,916 [ERROR] LogOutputStream:74 - [STDERR_REDIRECT] 
2026-09-23 20:21:28,932 [ERROR] LogOutputStream:74 - [STDERR_REDIRECT] [Fatal Error] :1:1: Premature end of file.
2026-09-23 20:21:28,932 [ERROR] LogOutputStream:74 - [STDERR_REDIRECT] 
2026-09-23 20:21:29,916 [ERROR] LogOutputStream:74 - [STDERR_REDIRECT] [Fatal Error] :1:1: Premature end of file.
2026-09-23 20:21:29,916 [ERROR] LogOutputStream:74 - [STDERR_REDIRECT] 
2026-09-23 20:21:30,920 [ERROR] LogOutputStream:74 - [STDERR_REDIRECT] [Fatal Error] :1:1: Premature end of file.
2026-09-23 20:21:30,920 [ERROR] LogOutputStream:74 - [STDERR_REDIRECT] 
2026-09-23 20:21:31,922 [ERROR] LogOutputStream:74 - [STDERR_REDIRECT] [Fatal Error] :1:1: Premature end of file.
2026-09-23 20:21:31,922 [ERROR] LogOutputStream:74 - [STDERR_REDIRECT] 
2026-09-23 20:21:32,919 [ERROR] LogOutputStream:74 - [STDERR_REDIRECT] [Fatal Error] :1:1: Premature end of file.
2026-09-23 20:21:32,919 [ERROR] LogOutputStream:74 - [STDERR_REDIRECT] 
2026-09-23 20:21:33,929 [ERROR] LogOutputStream:74 - [STDERR_REDIRECT] [Fatal Error] :1:1: Premature end of file.
2026-09-23 20:21:33,929 [ERROR] LogOutputStream:74 - [STDERR_REDIRECT] 
2026-09-23 20:21:34,917 [ERROR] LogOutputStream:74 - [STDERR_REDIRECT] [Fatal Error] :1:1: Premature end of file.
2026-09-23 20:21:34,931 [ERROR] LogOutputStream:74 - [STDERR_REDIRECT] 
2026-09-23 20:21:35,923 [ERROR] LogOutputStream:74 - [STDERR_REDIRECT] [Fatal Error] :1:1: Premature end of file.
2026-09-23 20:21:35,923 [ERROR] LogOutputStream:74 - [STDERR_REDIRECT] 
2026-09-23 20:21:36,917 [ERROR] LogOutputStream:74 - [STDERR_REDIRECT] [Fatal Error] :1:1: Premature end of file.
2026-09-23 20:21:36,917 [ERROR] LogOutputStream:74 - [STDERR_REDIRECT] 
2026-09-23 20:21:37,917 [ERROR] LogOutputStream:74 - [STDERR_REDIRECT] [Fatal Error] :1:1: Premature end of file.
2026-09-23 20:21:37,917 [ERROR] LogOutputStream:74 - [STDERR_REDIRECT] 
2026-09-23 20:21:38,920 [ERROR] LogOutputStream:74 - [STDERR_REDIRECT] [Fatal Error] :1:1: Premature end of file.
2026-09-23 20:21:38,920 [ERROR] LogOutputStream:74 - [STDERR_REDIRECT] 
2026-09-23 20:21:39,912 [ERROR] LogOutputStream:74 - [STDERR_REDIRECT] [Fatal Error] :1:1: Premature end of file.
2026-09-23 20:21:39,912 [ERROR] LogOutputStream:74 - [STDERR_REDIRECT] 
2026-09-23 20:21:40,921 [ERROR] LogOutputStream:74 - [STDERR_REDIRECT] [Fatal Error] :1:1: Premature end of file.
2026-09-23 20:21:40,921 [ERROR] LogOutputStream:74 - [STDERR_REDIRECT] 
2026-09-23 20:21:41,914 [ERROR] LogOutputStream:74 - [STDERR_REDIRECT] [Fatal Error] :1:1: Premature end of file.
2026-09-23 20:21:41,914 [ERROR] LogOutputStream:74 - [STDERR_REDIRECT] 
2026-09-23 20:21:42,924 [ERROR] LogOutputStream:74 - [STDERR_REDIRECT] [Fatal Error] :1:1: Premature end of file.
2026-09-23 20:21:42,924 [ERROR] LogOutputStream:74 - [STDERR_REDIRECT] 
2026-09-23 20:21:43,923 [ERROR] LogOutputStream:74 - [STDERR_REDIRECT] [Fatal Error] :1:1: Premature end of file.
2026-09-23 20:21:43,923 [ERROR] LogOutputStream:74 - [STDERR_REDIRECT] 
2026-09-23 20:21:44,917 [ERROR] LogOutputStream:74 - [STDERR_REDIRECT] [Fatal Error] :1:1: Premature end of file.
2026-09-23 20:21:44,917 [ERROR] LogOutputStream:74 - [STDERR_REDIRECT] 
2026-09-23 20:21:45,915 [ERROR] LogOutputStream:74 - [STDERR_REDIRECT] [Fatal Error] :1:1: Premature end of file.
2026-09-23 20:21:45,915 [ERROR] LogOutputStream:74 - [STDERR_REDIRECT] 
2026-09-23 20:21:46,919 [ERROR] LogOutputStream:74 - [STDERR_REDIRECT] [Fatal Error] :1:1: Premature end of file.
2026-09-23 20:21:46,919 [ERROR] LogOutputStream:74 - [STDERR_REDIRECT] 
2026-09-23 20:21:47,925 [ERROR] LogOutputStream:74 - [STDERR_REDIRECT] [Fatal Error] :1:1: Premature end of file.
2026-09-23 20:21:47,935 [ERROR] LogOutputStream:74 - [STDERR_REDIRECT] 
2026-09-23 20:21:48,928 [ERROR] LogOutputStream:74 - [STDERR_REDIRECT] [Fatal Error] :1:1: Premature end of file.
2026-09-23 20:21:48,928 [ERROR] LogOutputStream:74 - [STDERR_REDIRECT] 
2026-09-23 20:21:49,922 [ERROR] LogOutputStream:74 - [STDERR_REDIRECT] [Fatal Error] :1:1: Premature end of file.
2026-09-23 20:21:49,922 [ERROR] LogOutputStream:74 - [STDERR_REDIRECT] 
2026-09-23 20:21:50,917 [ERROR] LogOutputStream:74 - [STDERR_REDIRECT] [Fatal Error] :1:1: Premature end of file.
2026-09-23 20:21:50,921 [ERROR] LogOutputStream:74 - [STDERR_REDIRECT] 
2026-09-23 20:21:51,914 [ERROR] LogOutputStream:74 - [STDERR_REDIRECT] [Fatal Error] :1:1: Premature end of file.
2026-09-23 20:21:51,914 [ERROR] LogOutputStream:74 - [STDERR_REDIRECT] 
2026-09-23 20:21:52,925 [ERROR] LogOutputStream:74 - [STDERR_REDIRECT] [Fatal Error] :1:1: Premature end of file.
2026-09-23 20:21:52,925 [ERROR] LogOutputStream:74 - [STDERR_REDIRECT] 
2026-09-23 20:21:53,924 [ERROR] LogOutputStream:74 - [STDERR_REDIRECT] [Fatal Error] :1:1: Premature end of file.
2026-09-23 20:21:53,924 [ERROR] LogOutputStream:74 - [STDERR_REDIRECT] 
2026-09-23 20:21:54,922 [ERROR] LogOutputStream:74 - [STDERR_REDIRECT] [Fatal Error] :1:1: Premature end of file.
2026-09-23 20:21:54,922 [ERROR] LogOutputStream:74 - [STDERR_REDIRECT] 
2026-09-23 20:21:55,925 [ERROR] LogOutputStream:74 - [STDERR_REDIRECT] [Fatal Error] :1:1: Premature end of file.
2026-09-23 20:21:55,925 [ERROR] LogOutputStream:74 - [STDERR_REDIRECT] 
2026-09-23 20:21:56,923 [ERROR] LogOutputStream:74 - [STDERR_REDIRECT] [Fatal Error] :1:1: Premature end of file.
2026-09-23 20:21:56,923 [ERROR] LogOutputStream:74 - [STDERR_REDIRECT] 
2026-09-23 20:21:57,913 [ERROR] LogOutputStream:74 - [STDERR_REDIRECT] [Fatal Error] :1:1: Premature end of file.
2026-09-23 20:21:57,913 [ERROR] LogOutputStream:74 - [STDERR_REDIRECT] 
2026-09-23 20:21:58,924 [ERROR] LogOutputStream:74 - [STDERR_REDIRECT] [Fatal Error] :1:1: Premature end of file.
2026-09-23 20:21:58,924 [ERROR] LogOutputStream:74 - [STDERR_REDIRECT] 
2026-09-23 20:21:59,919 [ERROR] LogOutputStream:74 - [STDERR_REDIRECT] [Fatal Error] :1:1: Premature end of file.
2026-09-23 20:21:59,919 [ERROR] LogOutputStream:74 - [STDERR_REDIRECT] 
2026-09-23 20:22:00,929 [ERROR] LogOutputStream:74 - [STDERR_REDIRECT] [Fatal Error] :1:1: Premature end of file.
2026-09-23 20:22:00,929 [ERROR] LogOutputStream:74 - [STDERR_REDIRECT] 
2026-09-23 20:22:01,933 [ERROR] LogOutputStream:74 - [STDERR_REDIRECT] [Fatal Error] :1:1: Premature end of file.
2026-09-23 20:22:01,933 [ERROR] LogOutputStream:74 - [STDERR_REDIRECT] 
2026-09-23 20:22:02,913 [ERROR] LogOutputStream:74 - [STDERR_REDIRECT] [Fatal Error] :1:1: Premature end of file.
2026-09-23 20:22:02,917 [ERROR] LogOutputStream:74 - [STDERR_REDIRECT] 
2026-09-23 20:22:03,924 [ERROR] LogOutputStream:74 - [STDERR_REDIRECT] [Fatal Error] :1:1: Premature end of file.
2026-09-23 20:22:03,924 [ERROR] LogOutputStream:74 - [STDERR_REDIRECT] 
2026-09-23 20:22:04,918 [ERROR] LogOutputStream:74 - [STDERR_REDIRECT] [Fatal Error] :1:1: Premature end of file.
2026-09-23 20:22:04,918 [ERROR] LogOutputStream:74 - [STDERR_REDIRECT] 
2026-09-23 20:22:05,913 [ERROR] LogOutputStream:74 - [STDERR_REDIRECT] [Fatal Error] :1:1: Premature end of file.
2026-09-23 20:22:05,913 [ERROR] LogOutputStream:74 - [STDERR_REDIRECT] 
2026-09-23 20:22:06,932 [ERROR] LogOutputStream:74 - [STDERR_REDIRECT] [Fatal Error] :1:1: Premature end of file.
2026-09-23 20:22:06,932 [ERROR] LogOutputStream:74 - [STDERR_REDIRECT] 
2026-09-23 20:22:07,920 [ERROR] LogOutputStream:74 - [STDERR_REDIRECT] [Fatal Error] :1:1: Premature end of file.
2026-09-23 20:22:07,920 [ERROR] LogOutputStream:74 - [STDERR_REDIRECT] 
2026-09-23 20:22:08,917 [ERROR] LogOutputStream:74 - [STDERR_REDIRECT] [Fatal Error] :1:1: Premature end of file.
2026-09-23 20:22:08,917 [ERROR] LogOutputStream:74 - [STDERR_REDIRECT] 
2026-09-23 20:22:09,938 [ERROR] LogOutputStream:74 - [STDERR_REDIRECT] [Fatal Error] :1:1: Premature end of file.
2026-09-23 20:22:09,938 [ERROR] LogOutputStream:74 - [STDERR_REDIRECT] 
2026-09-23 20:22:10,927 [ERROR] LogOutputStream:74 - [STDERR_REDIRECT] [Fatal Error] :1:1: Premature end of file.
2026-09-23 20:22:10,927 [ERROR] LogOutputStream:74 - [STDERR_REDIRECT] 
2026-09-23 20:22:11,913 [ERROR] LogOutputStream:74 - [STDERR_REDIRECT] [Fatal Error] :1:1: Premature end of file.
2026-09-23 20:22:11,913 [ERROR] LogOutputStream:74 - [STDERR_REDIRECT] 
2026-09-23 20:22:12,923 [ERROR] LogOutputStream:74 - [STDERR_REDIRECT] [Fatal Error] :1:1: Premature end of file.
2026-09-23 20:22:12,923 [ERROR] LogOutputStream:74 - [STDERR_REDIRECT] 
2026-09-23 20:22:13,917 [ERROR] LogOutputStream:74 - [STDERR_REDIRECT] [Fatal Error] :1:1: Premature end of file.
2026-09-23 20:22:13,917 [ERROR] LogOutputStream:74 - [STDERR_REDIRECT] 
2026-09-23 20:22:14,923 [ERROR] LogOutputStream:74 - [STDERR_REDIRECT] [Fatal Error] :1:1: Premature end of file.
2026-09-23 20:22:14,923 [ERROR] LogOutputStream:74 - [STDERR_REDIRECT] 
2026-09-23 20:22:15,923 [ERROR] LogOutputStream:74 - [STDERR_REDIRECT] [Fatal Error] :1:1: Premature end of file.
2026-09-23 20:22:15,923 [ERROR] LogOutputStream:74 - [STDERR_REDIRECT] 
2026-09-23 20:22:16,911 [ERROR] LogOutputStream:74 - [STDERR_REDIRECT] [Fatal Error] :1:1: Premature end of file.
2026-09-23 20:22:16,911 [ERROR] LogOutputStream:74 - [STDERR_REDIRECT] 
2026-09-23 20:22:17,913 [ERROR] LogOutputStream:74 - [STDERR_REDIRECT] [Fatal Error] :1:1: Premature end of file.
2026-09-23 20:22:17,913 [ERROR] LogOutputStream:74 - [STDERR_REDIRECT] 
2026-09-23 20:22:18,920 [ERROR] LogOutputStream:74 - [STDERR_REDIRECT] [Fatal Error] :1:1: Premature end of file.
2026-09-23 20:22:18,920 [ERROR] LogOutputStream:74 - [STDERR_REDIRECT] 
2026-09-23 20:22:19,926 [ERROR] LogOutputStream:74 - [STDERR_REDIRECT] [Fatal Error] :1:1: Premature end of file.
2026-09-23 20:22:19,926 [ERROR] LogOutputStream:74 - [STDERR_REDIRECT] 
2026-09-23 20:22:20,920 [ERROR] LogOutputStream:74 - [STDERR_REDIRECT] [Fatal Error] :1:1: Premature end of file.
2026-09-23 20:22:20,920 [ERROR] LogOutputStream:74 - [STDERR_REDIRECT] 
2026-09-23 20:22:21,918 [ERROR] LogOutputStream:74 - [STDERR_REDIRECT] [Fatal Error] :1:1: Premature end of file.
2026-09-23 20:22:21,918 [ERROR] LogOutputStream:74 - [STDERR_REDIRECT] 
2026-09-23 20:22:22,925 [ERROR] LogOutputStream:74 - [STDERR_REDIRECT] [Fatal Error] :1:1: Premature end of file.
2026-09-23 20:22:22,925 [ERROR] LogOutputStream:74 - [STDERR_REDIRECT] 
2026-09-23 20:22:23,920 [ERROR] LogOutputStream:74 - [STDERR_REDIRECT] [Fatal Error] :1:1: Premature end of file.
2026-09-23 20:22:23,920 [ERROR] LogOutputStream:74 - [STDERR_REDIRECT] 
2026-09-23 20:22:24,915 [ERROR] LogOutputStream:74 - [STDERR_REDIRECT] [Fatal Error] :1:1: Premature end of file.
2026-09-23 20:22:24,915 [ERROR] LogOutputStream:74 - [STDERR_REDIRECT] 
2026-09-23 20:22:25,915 [ERROR] LogOutputStream:74 - [STDERR_REDIRECT] [Fatal Error] :1:1: Premature end of file.
2026-09-23 20:22:25,915 [ERROR] LogOutputStream:74 - [STDERR_REDIRECT] 
2026-09-23 20:22:26,926 [ERROR] LogOutputStream:74 - [STDERR_REDIRECT] [Fatal Error] :1:1: Premature end of file.
2026-09-23 20:22:26,926 [ERROR] LogOutputStream:74 - [STDERR_REDIRECT] 
2026-09-23 20:22:27,933 [ERROR] LogOutputStream:74 - [STDERR_REDIRECT] [Fatal Error] :1:1: Premature end of file.
2026-09-23 20:22:27,933 [ERROR] LogOutputStream:74 - [STDERR_REDIRECT] 
2026-09-23 20:22:28,916 [ERROR] LogOutputStream:74 - [STDERR_REDIRECT] [Fatal Error] :1:1: Premature end of file.
2026-09-23 20:22:28,916 [ERROR] LogOutputStream:74 - [STDERR_REDIRECT] 
2026-09-23 20:22:29,929 [ERROR] LogOutputStream:74 - [STDERR_REDIRECT] [Fatal Error] :1:1: Premature end of file.
2026-09-23 20:22:29,929 [ERROR] LogOutputStream:74 - [STDERR_REDIRECT] 
2026-09-23 20:22:30,919 [ERROR] LogOutputStream:74 - [STDERR_REDIRECT] [Fatal Error] :1:1: Premature end of file.
2026-09-23 20:22:30,919 [ERROR] LogOutputStream:74 - [STDERR_REDIRECT] 
2026-09-23 20:22:31,912 [ERROR] LogOutputStream:74 - [STDERR_REDIRECT] [Fatal Error] :1:1: Premature end of file.
2026-09-23 20:22:31,912 [ERROR] LogOutputStream:74 - [STDERR_REDIRECT] 
2026-09-23 20:22:32,928 [ERROR] LogOutputStream:74 - [STDERR_REDIRECT] [Fatal Error] :1:1: Premature end of file.
2026-09-23 20:22:32,928 [ERROR] LogOutputStream:74 - [STDERR_REDIRECT] 
2026-09-23 20:22:33,911 [ERROR] LogOutputStream:74 - [STDERR_REDIRECT] [Fatal Error] :1:1: Premature end of file.
2026-09-23 20:22:33,911 [ERROR] LogOutputStream:74 - [STDERR_REDIRECT] 
2026-09-23 20:22:34,918 [ERROR] LogOutputStream:74 - [STDERR_REDIRECT] [Fatal Error] :1:1: Premature end of file.
2026-09-23 20:22:34,918 [ERROR] LogOutputStream:74 - [STDERR_REDIRECT] 
2026-09-23 20:22:35,928 [ERROR] LogOutputStream:74 - [STDERR_REDIRECT] [Fatal Error] :1:1: Premature end of file.
2026-09-23 20:22:35,928 [ERROR] LogOutputStream:74 - [STDERR_REDIRECT] 
2026-09-23 20:22:36,912 [ERROR] LogOutputStream:74 - [STDERR_REDIRECT] [Fatal Error] :1:1: Premature end of file.
2026-09-23 20:22:36,912 [ERROR] LogOutputStream:74 - [STDERR_REDIRECT] 
2026-09-23 20:22:37,912 [ERROR] LogOutputStream:74 - [STDERR_REDIRECT] [Fatal Error] :1:1: Premature end of file.
2026-09-23 20:22:37,912 [ERROR] LogOutputStream:74 - [STDERR_REDIRECT] 
2026-09-23 20:22:38,925 [ERROR] LogOutputStream:74 - [STDERR_REDIRECT] [Fatal Error] :1:1: Premature end of file.
2026-09-23 20:22:38,925 [ERROR] LogOutputStream:74 - [STDERR_REDIRECT] 
2026-09-23 20:22:39,918 [ERROR] LogOutputStream:74 - [STDERR_REDIRECT] [Fatal Error] :1:1: Premature end of file.
2026-09-23 20:22:39,920 [ERROR] LogOutputStream:74 - [STDERR_REDIRECT] 
2026-09-23 20:22:40,926 [ERROR] LogOutputStream:74 - [STDERR_REDIRECT] [Fatal Error] :1:1: Premature end of file.
2026-09-23 20:22:40,926 [ERROR] LogOutputStream:74 - [STDERR_REDIRECT] 
2026-09-23 20:22:41,923 [ERROR] LogOutputStream:74 - [STDERR_REDIRECT] [Fatal Error] :1:1: Premature end of file.
2026-09-23 20:22:41,923 [ERROR] LogOutputStream:74 - [STDERR_REDIRECT] 
2026-09-23 20:22:42,919 [ERROR] LogOutputStream:74 - [STDERR_REDIRECT] [Fatal Error] :1:1: Premature end of file.
2026-09-23 20:22:42,919 [ERROR] LogOutputStream:74 - [STDERR_REDIRECT] 
2026-09-23 20:22:43,917 [ERROR] LogOutputStream:74 - [STDERR_REDIRECT] [Fatal Error] :1:1: Premature end of file.
2026-09-23 20:22:43,917 [ERROR] LogOutputStream:74 - [STDERR_REDIRECT] 
2026-09-23 20:22:44,924 [ERROR] LogOutputStream:74 - [STDERR_REDIRECT] [Fatal Error] :1:1: Premature end of file.
2026-09-23 20:22:44,924 [ERROR] LogOutputStream:74 - [STDERR_REDIRECT] 
2026-09-23 20:22:45,914 [ERROR] LogOutputStream:74 - [STDERR_REDIRECT] [Fatal Error] :1:1: Premature end of file.
2026-09-23 20:22:45,914 [ERROR] LogOutputStream:74 - [STDERR_REDIRECT] 
2026-09-23 20:22:46,920 [ERROR] LogOutputStream:74 - [STDERR_REDIRECT] [Fatal Error] :1:1: Premature end of file.
2026-09-23 20:22:46,920 [ERROR] LogOutputStream:74 - [STDERR_REDIRECT] 
2026-09-23 20:22:47,913 [ERROR] LogOutputStream:74 - [STDERR_REDIRECT] [Fatal Error] :1:1: Premature end of file.
2026-09-23 20:22:47,913 [ERROR] LogOutputStream:74 - [STDERR_REDIRECT] 
2026-09-23 20:22:48,924 [ERROR] LogOutputStream:74 - [STDERR_REDIRECT] [Fatal Error] :1:1: Premature end of file.
2026-09-23 20:22:48,924 [ERROR] LogOutputStream:74 - [STDERR_REDIRECT] 
2026-09-23 20:22:49,912 [ERROR] LogOutputStream:74 - [STDERR_REDIRECT] [Fatal Error] :1:1: Premature end of file.
2026-09-23 20:22:49,912 [ERROR] LogOutputStream:74 - [STDERR_REDIRECT] 
2026-09-23 20:22:50,920 [ERROR] LogOutputStream:74 - [STDERR_REDIRECT] [Fatal Error] :1:1: Premature end of file.
2026-09-23 20:22:50,920 [ERROR] LogOutputStream:74 - [STDERR_REDIRECT] 
2026-09-23 20:22:51,916 [ERROR] LogOutputStream:74 - [STDERR_REDIRECT] [Fatal Error] :1:1: Premature end of file.
2026-09-23 20:22:51,916 [ERROR] LogOutputStream:74 - [STDERR_REDIRECT] 
2026-09-23 20:22:52,913 [ERROR] LogOutputStream:74 - [STDERR_REDIRECT] [Fatal Error] :1:1: Premature end of file.
2026-09-23 20:22:52,913 [ERROR] LogOutputStream:74 - [STDERR_REDIRECT] 
2026-09-23 20:22:53,920 [ERROR] LogOutputStream:74 - [STDERR_REDIRECT] [Fatal Error] :1:1: Premature end of file.
2026-09-23 20:22:53,920 [ERROR] LogOutputStream:74 - [STDERR_REDIRECT] 
2026-09-23 20:22:54,913 [ERROR] LogOutputStream:74 - [STDERR_REDIRECT] [Fatal Error] :1:1: Premature end of file.
2026-09-23 20:22:54,913 [ERROR] LogOutputStream:74 - [STDERR_REDIRECT] 
2026-09-23 20:22:55,917 [ERROR] LogOutputStream:74 - [STDERR_REDIRECT] [Fatal Error] :1:1: Premature end of file.
2026-09-23 20:22:55,917 [ERROR] LogOutputStream:74 - [STDERR_REDIRECT] 
2026-09-23 20:22:56,923 [ERROR] LogOutputStream:74 - [STDERR_REDIRECT] [Fatal Error] :1:1: Premature end of file.
2026-09-23 20:22:56,923 [ERROR] LogOutputStream:74 - [STDERR_REDIRECT] 
2026-09-23 20:22:57,914 [ERROR] LogOutputStream:74 - [STDERR_REDIRECT] [Fatal Error] :1:1: Premature end of file.
2026-09-23 20:22:57,914 [ERROR] LogOutputStream:74 - [STDERR_REDIRECT] 
2026-09-23 20:22:58,920 [ERROR] LogOutputStream:74 - [STDERR_REDIRECT] [Fatal Error] :1:1: Premature end of file.
2026-09-23 20:22:58,920 [ERROR] LogOutputStream:74 - [STDERR_REDIRECT] 
2026-09-23 20:22:59,914 [ERROR] LogOutputStream:74 - [STDERR_REDIRECT] [Fatal Error] :1:1: Premature end of file.
2026-09-23 20:22:59,919 [ERROR] LogOutputStream:74 - [STDERR_REDIRECT] 
2026-09-23 20:23:00,907 [ERROR] LogOutputStream:74 - [STDERR_REDIRECT] [Fatal Error] :1:1: Premature end of file.
2026-09-23 20:23:00,907 [ERROR] LogOutputStream:74 - [STDERR_REDIRECT] 
2026-09-23 20:23:01,914 [ERROR] LogOutputStream:74 - [STDERR_REDIRECT] [Fatal Error] :1:1: Premature end of file.
2026-09-23 20:23:01,914 [ERROR] LogOutputStream:74 - [STDERR_REDIRECT] 
2026-09-23 20:23:02,924 [ERROR] LogOutputStream:74 - [STDERR_REDIRECT] [Fatal Error] :1:1: Premature end of file.
2026-09-23 20:23:02,924 [ERROR] LogOutputStream:74 - [STDERR_REDIRECT] 
2026-09-23 20:23:03,916 [ERROR] LogOutputStream:74 - [STDERR_REDIRECT] [Fatal Error] :1:1: Premature end of file.
2026-09-23 20:23:03,916 [ERROR] LogOutputStream:74 - [STDERR_REDIRECT] 
2026-09-23 20:23:04,924 [ERROR] LogOutputStream:74 - [STDERR_REDIRECT] [Fatal Error] :1:1: Premature end of file.
2026-09-23 20:23:04,924 [ERROR] LogOutputStream:74 - [STDERR_REDIRECT] 
2026-09-23 20:23:05,920 [ERROR] LogOutputStream:74 - [STDERR_REDIRECT] [Fatal Error] :1:1: Premature end of file.
2026-09-23 20:23:05,920 [ERROR] LogOutputStream:74 - [STDERR_REDIRECT] 
2026-09-23 20:23:06,925 [ERROR] LogOutputStream:74 - [STDERR_REDIRECT] [Fatal Error] :1:1: Premature end of file.
2026-09-23 20:23:06,925 [ERROR] LogOutputStream:74 - [STDERR_REDIRECT] 
2026-09-23 20:23:07,912 [ERROR] LogOutputStream:74 - [STDERR_REDIRECT] [Fatal Error] :1:1: Premature end of file.
2026-09-23 20:23:07,912 [ERROR] LogOutputStream:74 - [STDERR_REDIRECT] 
2026-09-23 20:23:08,917 [ERROR] LogOutputStream:74 - [STDERR_REDIRECT] [Fatal Error] :1:1: Premature end of file.
2026-09-23 20:23:08,917 [ERROR] LogOutputStream:74 - [STDERR_REDIRECT] 
2026-09-23 20:23:09,924 [ERROR] LogOutputStream:74 - [STDERR_REDIRECT] [Fatal Error] :1:1: Premature end of file.
2026-09-23 20:23:09,924 [ERROR] LogOutputStream:74 - [STDERR_REDIRECT] 
2026-09-23 20:23:10,917 [ERROR] LogOutputStream:74 - [STDERR_REDIRECT] [Fatal Error] :1:1: Premature end of file.
2026-09-23 20:23:10,917 [ERROR] LogOutputStream:74 - [STDERR_REDIRECT] 
2026-09-23 20:23:11,912 [ERROR] LogOutputStream:74 - [STDERR_REDIRECT] [Fatal Error] :1:1: Premature end of file.
2026-09-23 20:23:11,912 [ERROR] LogOutputStream:74 - [STDERR_REDIRECT] 
2026-09-23 20:23:12,923 [ERROR] LogOutputStream:74 - [STDERR_REDIRECT] [Fatal Error] :1:1: Premature end of file.
2026-09-23 20:23:12,923 [ERROR] LogOutputStream:74 - [STDERR_REDIRECT] 
2026-09-23 20:23:13,916 [ERROR] LogOutputStream:74 - [STDERR_REDIRECT] [Fatal Error] :1:1: Premature end of file.
2026-09-23 20:23:13,916 [ERROR] LogOutputStream:74 - [STDERR_REDIRECT] 
2026-09-23 20:23:14,925 [ERROR] LogOutputStream:74 - [STDERR_REDIRECT] [Fatal Error] :1:1: Premature end of file.
2026-09-23 20:23:14,937 [ERROR] LogOutputStream:74 - [STDERR_REDIRECT] 
2026-09-23 20:23:15,918 [ERROR] LogOutputStream:74 - [STDERR_REDIRECT] [Fatal Error] :1:1: Premature end of file.
2026-09-23 20:23:15,918 [ERROR] LogOutputStream:74 - [STDERR_REDIRECT] 
2026-09-23 20:23:16,909 [ERROR] LogOutputStream:74 - [STDERR_REDIRECT] [Fatal Error] :1:1: Premature end of file.
2026-09-23 20:23:16,909 [ERROR] LogOutputStream:74 - [STDERR_REDIRECT] 
2026-09-23 20:23:17,920 [ERROR] LogOutputStream:74 - [STDERR_REDIRECT] [Fatal Error] :1:1: Premature end of file.
2026-09-23 20:23:17,920 [ERROR] LogOutputStream:74 - [STDERR_REDIRECT] 
2026-09-23 20:23:18,920 [ERROR] LogOutputStream:74 - [STDERR_REDIRECT] [Fatal Error] :1:1: Premature end of file.
2026-09-23 20:23:18,920 [ERROR] LogOutputStream:74 - [STDERR_REDIRECT] 
2026-09-23 20:23:19,926 [ERROR] LogOutputStream:74 - [STDERR_REDIRECT] [Fatal Error] :1:1: Premature end of file.
2026-09-23 20:23:19,926 [ERROR] LogOutputStream:74 - [STDERR_REDIRECT] 
2026-09-23 20:23:20,916 [ERROR] LogOutputStream:74 - [STDERR_REDIRECT] [Fatal Error] :1:1: Premature end of file.
2026-09-23 20:23:20,916 [ERROR] LogOutputStream:74 - [STDERR_REDIRECT] 
2026-09-23 20:23:21,924 [ERROR] LogOutputStream:74 - [STDERR_REDIRECT] [Fatal Error] :1:1: Premature end of file.
2026-09-23 20:23:21,924 [ERROR] LogOutputStream:74 - [STDERR_REDIRECT] 
2026-09-23 20:23:22,917 [ERROR] LogOutputStream:74 - [STDERR_REDIRECT] [Fatal Error] :1:1: Premature end of file.
2026-09-23 20:23:22,917 [ERROR] LogOutputStream:74 - [STDERR_REDIRECT] 
2026-09-23 20:23:23,912 [ERROR] LogOutputStream:74 - [STDERR_REDIRECT] [Fatal Error] :1:1: Premature end of file.
2026-09-23 20:23:23,912 [ERROR] LogOutputStream:74 - [STDERR_REDIRECT] 
2026-09-23 20:23:24,928 [ERROR] LogOutputStream:74 - [STDERR_REDIRECT] [Fatal Error] :1:1: Premature end of file.
2026-09-23 20:23:24,928 [ERROR] LogOutputStream:74 - [STDERR_REDIRECT] 
2026-09-23 20:23:25,923 [ERROR] LogOutputStream:74 - [STDERR_REDIRECT] [Fatal Error] :1:1: Premature end of file.
2026-09-23 20:23:25,923 [ERROR] LogOutputStream:74 - [STDERR_REDIRECT] 
2026-09-23 20:23:26,908 [ERROR] LogOutputStream:74 - [STDERR_REDIRECT] [Fatal Error] :1:1: Premature end of file.
2026-09-23 20:23:26,908 [ERROR] LogOutputStream:74 - [STDERR_REDIRECT] 
2026-09-23 20:23:27,924 [ERROR] LogOutputStream:74 - [STDERR_REDIRECT] [Fatal Error] :1:1: Premature end of file.
2026-09-23 20:23:27,924 [ERROR] LogOutputStream:74 - [STDERR_REDIRECT] 
2026-09-23 20:23:28,926 [ERROR] LogOutputStream:74 - [STDERR_REDIRECT] [Fatal Error] :1:1: Premature end of file.
2026-09-23 20:23:28,926 [ERROR] LogOutputStream:74 - [STDERR_REDIRECT] 
2026-09-23 20:23:29,914 [ERROR] LogOutputStream:74 - [STDERR_REDIRECT] [Fatal Error] :1:1: Premature end of file.
2026-09-23 20:23:29,914 [ERROR] LogOutputStream:74 - [STDERR_REDIRECT] 
2026-09-23 20:23:30,926 [ERROR] LogOutputStream:74 - [STDERR_REDIRECT] [Fatal Error] :1:1: Premature end of file.
2026-09-23 20:23:30,926 [ERROR] LogOutputStream:74 - [STDERR_REDIRECT] 
2026-09-23 20:23:31,937 [ERROR] LogOutputStream:74 - [STDERR_REDIRECT] [Fatal Error] :1:1: Premature end of file.
2026-09-23 20:23:31,937 [ERROR] LogOutputStream:74 - [STDERR_REDIRECT] 
2026-09-23 20:23:32,916 [ERROR] LogOutputStream:74 - [STDERR_REDIRECT] [Fatal Error] :1:1: Premature end of file.
2026-09-23 20:23:32,916 [ERROR] LogOutputStream:74 - [STDERR_REDIRECT] 
2026-09-23 20:23:33,915 [ERROR] LogOutputStream:74 - [STDERR_REDIRECT] [Fatal Error] :1:1: Premature end of file.
2026-09-23 20:23:33,915 [ERROR] LogOutputStream:74 - [STDERR_REDIRECT] 
2026-09-23 20:23:34,922 [ERROR] LogOutputStream:74 - [STDERR_REDIRECT] [Fatal Error] :1:1: Premature end of file.
2026-09-23 20:23:34,922 [ERROR] LogOutputStream:74 - [STDERR_REDIRECT] 
2026-09-23 20:23:35,916 [ERROR] LogOutputStream:74 - [STDERR_REDIRECT] [Fatal Error] :1:1: Premature end of file.
2026-09-23 20:23:35,916 [ERROR] LogOutputStream:74 - [STDERR_REDIRECT] 
2026-09-23 20:23:36,923 [ERROR] LogOutputStream:74 - [STDERR_REDIRECT] [Fatal Error] :1:1: Premature end of file.
2026-09-23 20:23:36,923 [ERROR] LogOutputStream:74 - [STDERR_REDIRECT] 
2026-09-23 20:23:37,914 [ERROR] LogOutputStream:74 - [STDERR_REDIRECT] [Fatal Error] :1:1: Premature end of file.
2026-09-23 20:23:37,914 [ERROR] LogOutputStream:74 - [STDERR_REDIRECT] 
2026-09-23 20:23:38,923 [ERROR] LogOutputStream:74 - [STDERR_REDIRECT] [Fatal Error] :1:1: Premature end of file.
2026-09-23 20:23:38,923 [ERROR] LogOutputStream:74 - [STDERR_REDIRECT] 
2026-09-23 20:23:39,916 [ERROR] LogOutputStream:74 - [STDERR_REDIRECT] [Fatal Error] :1:1: Premature end of file.
2026-09-23 20:23:39,916 [ERROR] LogOutputStream:74 - [STDERR_REDIRECT] 
2026-09-23 20:23:40,928 [ERROR] LogOutputStream:74 - [STDERR_REDIRECT] [Fatal Error] :1:1: Premature end of file.
2026-09-23 20:23:40,928 [ERROR] LogOutputStream:74 - [STDERR_REDIRECT] 
2026-09-23 20:23:41,916 [ERROR] LogOutputStream:74 - [STDERR_REDIRECT] [Fatal Error] :1:1: Premature end of file.
2026-09-23 20:23:41,916 [ERROR] LogOutputStream:74 - [STDERR_REDIRECT] 
2026-09-23 20:23:42,913 [ERROR] LogOutputStream:74 - [STDERR_REDIRECT] [Fatal Error] :1:1: Premature end of file.
2026-09-23 20:23:42,913 [ERROR] LogOutputStream:74 - [STDERR_REDIRECT] 
2026-09-23 20:23:43,921 [ERROR] LogOutputStream:74 - [STDERR_REDIRECT] [Fatal Error] :1:1: Premature end of file.
2026-09-23 20:23:43,921 [ERROR] LogOutputStream:74 - [STDERR_REDIRECT] 
2026-09-23 20:23:44,899 [ERROR] LogOutputStream:74 - [STDERR_REDIRECT] [Fatal Error] :1:1: Premature end of file.
2026-09-23 20:23:44,899 [ERROR] LogOutputStream:74 - [STDERR_REDIRECT] 
2026-09-23 20:23:45,930 [ERROR] LogOutputStream:74 - [STDERR_REDIRECT] [Fatal Error] :1:1: Premature end of file.
2026-09-23 20:23:45,930 [ERROR] LogOutputStream:74 - [STDERR_REDIRECT] 
2026-09-23 20:23:46,921 [ERROR] LogOutputStream:74 - [STDERR_REDIRECT] [Fatal Error] :1:1: Premature end of file.
2026-09-23 20:23:46,921 [ERROR] LogOutputStream:74 - [STDERR_REDIRECT] 
2026-09-23 20:23:47,919 [ERROR] LogOutputStream:74 - [STDERR_REDIRECT] [Fatal Error] :1:1: Premature end of file.
2026-09-23 20:23:47,919 [ERROR] LogOutputStream:74 - [STDERR_REDIRECT] 
2026-09-23 20:23:48,916 [ERROR] LogOutputStream:74 - [STDERR_REDIRECT] [Fatal Error] :1:1: Premature end of file.
2026-09-23 20:23:48,916 [ERROR] LogOutputStream:74 - [STDERR_REDIRECT] 
2026-09-23 20:23:49,913 [ERROR] LogOutputStream:74 - [STDERR_REDIRECT] [Fatal Error] :1:1: Premature end of file.
2026-09-23 20:23:49,913 [ERROR] LogOutputStream:74 - [STDERR_REDIRECT] 
2026-09-23 20:23:50,925 [ERROR] LogOutputStream:74 - [STDERR_REDIRECT] [Fatal Error] :1:1: Premature end of file.
2026-09-23 20:23:50,925 [ERROR] LogOutputStream:74 - [STDERR_REDIRECT] 
2026-09-23 20:23:51,920 [ERROR] LogOutputStream:74 - [STDERR_REDIRECT] [Fatal Error] :1:1: Premature end of file.
2026-09-23 20:23:51,920 [ERROR] LogOutputStream:74 - [STDERR_REDIRECT] 
2026-09-23 20:23:52,926 [ERROR] LogOutputStream:74 - [STDERR_REDIRECT] [Fatal Error] :1:1: Premature end of file.
2026-09-23 20:23:52,926 [ERROR] LogOutputStream:74 - [STDERR_REDIRECT] 
2026-09-23 20:23:53,925 [ERROR] LogOutputStream:74 - [STDERR_REDIRECT] [Fatal Error] :1:1: Premature end of file.
2026-09-23 20:23:53,925 [ERROR] LogOutputStream:74 - [STDERR_REDIRECT] 
2026-09-23 20:23:54,911 [ERROR] LogOutputStream:74 - [STDERR_REDIRECT] [Fatal Error] :1:1: Premature end of file.
2026-09-23 20:23:54,911 [ERROR] LogOutputStream:74 - [STDERR_REDIRECT] 
2026-09-23 20:23:55,917 [ERROR] LogOutputStream:74 - [STDERR_REDIRECT] [Fatal Error] :1:1: Premature end of file.
2026-09-23 20:23:55,917 [ERROR] LogOutputStream:74 - [STDERR_REDIRECT] 
2026-09-23 20:23:56,925 [ERROR] LogOutputStream:74 - [STDERR_REDIRECT] [Fatal Error] :1:1: Premature end of file.
2026-09-23 20:23:56,925 [ERROR] LogOutputStream:74 - [STDERR_REDIRECT] 
2026-09-23 20:23:57,917 [ERROR] LogOutputStream:74 - [STDERR_REDIRECT] [Fatal Error] :1:1: Premature end of file.
2026-09-23 20:23:57,917 [ERROR] LogOutputStream:74 - [STDERR_REDIRECT] 
2026-09-23 20:23:58,913 [ERROR] LogOutputStream:74 - [STDERR_REDIRECT] [Fatal Error] :1:1: Premature end of file.
2026-09-23 20:23:58,913 [ERROR] LogOutputStream:74 - [STDERR_REDIRECT] 
2026-09-23 20:23:59,920 [ERROR] LogOutputStream:74 - [STDERR_REDIRECT] [Fatal Error] :1:1: Premature end of file.
2026-09-23 20:23:59,920 [ERROR] LogOutputStream:74 - [STDERR_REDIRECT] 
2026-09-23 20:24:00,921 [ERROR] LogOutputStream:74 - [STDERR_REDIRECT] [Fatal Error] :1:1: Premature end of file.
2026-09-23 20:24:00,921 [ERROR] LogOutputStream:74 - [STDERR_REDIRECT] 
2026-09-23 20:24:01,922 [ERROR] LogOutputStream:74 - [STDERR_REDIRECT] [Fatal Error] :1:1: Premature end of file.
2026-09-23 20:24:01,922 [ERROR] LogOutputStream:74 - [STDERR_REDIRECT] 
2026-09-23 20:24:02,919 [ERROR] LogOutputStream:74 - [STDERR_REDIRECT] [Fatal Error] :1:1: Premature end of file.
2026-09-23 20:24:02,919 [ERROR] LogOutputStream:74 - [STDERR_REDIRECT] 
2026-09-23 20:24:03,920 [ERROR] LogOutputStream:74 - [STDERR_REDIRECT] [Fatal Error] :1:1: Premature end of file.
2026-09-23 20:24:03,920 [ERROR] LogOutputStream:74 - [STDERR_REDIRECT] 
2026-09-23 20:24:04,921 [ERROR] LogOutputStream:74 - [STDERR_REDIRECT] [Fatal Error] :1:1: Premature end of file.
2026-09-23 20:24:04,921 [ERROR] LogOutputStream:74 - [STDERR_REDIRECT] 
2026-09-23 20:24:05,927 [ERROR] LogOutputStream:74 - [STDERR_REDIRECT] [Fatal Error] :1:1: Premature end of file.
2026-09-23 20:24:05,927 [ERROR] LogOutputStream:74 - [STDERR_REDIRECT] 
2026-09-23 20:24:06,917 [ERROR] LogOutputStream:74 - [STDERR_REDIRECT] [Fatal Error] :1:1: Premature end of file.
2026-09-23 20:24:06,917 [ERROR] LogOutputStream:74 - [STDERR_REDIRECT] 
2026-09-23 20:24:07,929 [ERROR] LogOutputStream:74 - [STDERR_REDIRECT] [Fatal Error] :1:1: Premature end of file.
2026-09-23 20:24:07,929 [ERROR] LogOutputStream:74 - [STDERR_REDIRECT] 
2026-09-23 20:24:08,920 [ERROR] LogOutputStream:74 - [STDERR_REDIRECT] [Fatal Error] :1:1: Premature end of file.
2026-09-23 20:24:08,920 [ERROR] LogOutputStream:74 - [STDERR_REDIRECT] 
2026-09-23 20:24:09,925 [ERROR] LogOutputStream:74 - [STDERR_REDIRECT] [Fatal Error] :1:1: Premature end of file.
2026-09-23 20:24:09,925 [ERROR] LogOutputStream:74 - [STDERR_REDIRECT] 
2026-09-23 20:24:10,928 [ERROR] LogOutputStream:74 - [STDERR_REDIRECT] [Fatal Error] :1:1: Premature end of file.
2026-09-23 20:24:10,928 [ERROR] LogOutputStream:74 - [STDERR_REDIRECT] 
2026-09-23 20:24:11,912 [ERROR] LogOutputStream:74 - [STDERR_REDIRECT] [Fatal Error] :1:1: Premature end of file.
2026-09-23 20:24:11,912 [ERROR] LogOutputStream:74 - [STDERR_REDIRECT] 
2026-09-23 20:24:12,924 [ERROR] LogOutputStream:74 - [STDERR_REDIRECT] [Fatal Error] :1:1: Premature end of file.
2026-09-23 20:24:12,924 [ERROR] LogOutputStream:74 - [STDERR_REDIRECT] 
2026-09-23 20:24:13,917 [ERROR] LogOutputStream:74 - [STDERR_REDIRECT] [Fatal Error] :1:1: Premature end of file.
2026-09-23 20:24:13,917 [ERROR] LogOutputStream:74 - [STDERR_REDIRECT] 
2026-09-23 20:24:14,922 [ERROR] LogOutputStream:74 - [STDERR_REDIRECT] [Fatal Error] :1:1: Premature end of file.
2026-09-23 20:24:14,922 [ERROR] LogOutputStream:74 - [STDERR_REDIRECT] 
2026-09-23 20:24:15,918 [ERROR] LogOutputStream:74 - [STDERR_REDIRECT] [Fatal Error] :1:1: Premature end of file.
2026-09-23 20:24:15,918 [ERROR] LogOutputStream:74 - [STDERR_REDIRECT] 
2026-09-23 20:24:16,925 [ERROR] LogOutputStream:74 - [STDERR_REDIRECT] [Fatal Error] :1:1: Premature end of file.
2026-09-23 20:24:16,925 [ERROR] LogOutputStream:74 - [STDERR_REDIRECT] 
2026-09-23 20:24:17,920 [ERROR] LogOutputStream:74 - [STDERR_REDIRECT] [Fatal Error] :1:1: Premature end of file.
2026-09-23 20:24:17,927 [ERROR] LogOutputStream:74 - [STDERR_REDIRECT] 
2026-09-23 20:24:18,931 [ERROR] LogOutputStream:74 - [STDERR_REDIRECT] [Fatal Error] :1:1: Premature end of file.
2026-09-23 20:24:18,931 [ERROR] LogOutputStream:74 - [STDERR_REDIRECT] 
2026-09-23 20:24:19,915 [ERROR] LogOutputStream:74 - [STDERR_REDIRECT] [Fatal Error] :1:1: Premature end of file.
2026-09-23 20:24:19,915 [ERROR] LogOutputStream:74 - [STDERR_REDIRECT] 
2026-09-23 20:24:20,925 [ERROR] LogOutputStream:74 - [STDERR_REDIRECT] [Fatal Error] :1:1: Premature end of file.
2026-09-23 20:24:20,925 [ERROR] LogOutputStream:74 - [STDERR_REDIRECT] 
2026-09-23 20:24:21,923 [ERROR] LogOutputStream:74 - [STDERR_REDIRECT] [Fatal Error] :1:1: Premature end of file.
2026-09-23 20:24:21,923 [ERROR] LogOutputStream:74 - [STDERR_REDIRECT] 
2026-09-23 20:24:22,915 [ERROR] LogOutputStream:74 - [STDERR_REDIRECT] [Fatal Error] :1:1: Premature end of file.
2026-09-23 20:24:22,915 [ERROR] LogOutputStream:74 - [STDERR_REDIRECT] 
2026-09-23 20:24:23,913 [ERROR] LogOutputStream:74 - [STDERR_REDIRECT] [Fatal Error] :1:1: Premature end of file.
2026-09-23 20:24:23,913 [ERROR] LogOutputStream:74 - [STDERR_REDIRECT] 
2026-09-23 20:24:24,925 [ERROR] LogOutputStream:74 - [STDERR_REDIRECT] [Fatal Error] :1:1: Premature end of file.
2026-09-23 20:24:24,925 [ERROR] LogOutputStream:74 - [STDERR_REDIRECT] 
2026-09-23 20:24:25,916 [ERROR] LogOutputStream:74 - [STDERR_REDIRECT] [Fatal Error] :1:1: Premature end of file.
2026-09-23 20:24:25,916 [ERROR] LogOutputStream:74 - [STDERR_REDIRECT] 
2026-09-23 20:24:26,930 [ERROR] LogOutputStream:74 - [STDERR_REDIRECT] [Fatal Error] :1:1: Premature end of file.
2026-09-23 20:24:26,930 [ERROR] LogOutputStream:74 - [STDERR_REDIRECT] 
2026-09-23 20:24:27,920 [ERROR] LogOutputStream:74 - [STDERR_REDIRECT] [Fatal Error] :1:1: Premature end of file.
2026-09-23 20:24:27,920 [ERROR] LogOutputStream:74 - [STDERR_REDIRECT] 
2026-09-23 20:24:28,921 [ERROR] LogOutputStream:74 - [STDERR_REDIRECT] [Fatal Error] :1:1: Premature end of file.
2026-09-23 20:24:28,921 [ERROR] LogOutputStream:74 - [STDERR_REDIRECT] 
2026-09-23 20:24:29,917 [ERROR] LogOutputStream:74 - [STDERR_REDIRECT] [Fatal Error] :1:1: Premature end of file.
2026-09-23 20:24:29,917 [ERROR] LogOutputStream:74 - [STDERR_REDIRECT] 
2026-09-23 20:24:30,944 [ERROR] LogOutputStream:74 - [STDERR_REDIRECT] [Fatal Error] :1:1: Premature end of file.
2026-09-23 20:24:30,944 [ERROR] LogOutputStream:74 - [STDERR_REDIRECT] 
2026-09-23 20:24:31,913 [ERROR] LogOutputStream:74 - [STDERR_REDIRECT] [Fatal Error] :1:1: Premature end of file.
2026-09-23 20:24:31,913 [ERROR] LogOutputStream:74 - [STDERR_REDIRECT] 
2026-09-23 20:24:32,921 [ERROR] LogOutputStream:74 - [STDERR_REDIRECT] [Fatal Error] :1:1: Premature end of file.
2026-09-23 20:24:32,921 [ERROR] LogOutputStream:74 - [STDERR_REDIRECT] 
2026-09-23 20:24:33,902 [ERROR] LogOutputStream:74 - [STDERR_REDIRECT] [Fatal Error] :1:1: Premature end of file.
2026-09-23 20:24:33,911 [ERROR] LogOutputStream:74 - [STDERR_REDIRECT] 
2026-09-23 20:24:34,902 [ERROR] LogOutputStream:74 - [STDERR_REDIRECT] [Fatal Error] :1:1: Premature end of file.
2026-09-23 20:24:34,902 [ERROR] LogOutputStream:74 - [STDERR_REDIRECT] 
2026-09-23 20:24:35,914 [ERROR] LogOutputStream:74 - [STDERR_REDIRECT] [Fatal Error] :1:1: Premature end of file.
2026-09-23 20:24:35,914 [ERROR] LogOutputStream:74 - [STDERR_REDIRECT] 
2026-09-23 20:24:36,933 [ERROR] LogOutputStream:74 - [STDERR_REDIRECT] [Fatal Error] :1:1: Premature end of file.
2026-09-23 20:24:36,933 [ERROR] LogOutputStream:74 - [STDERR_REDIRECT] 
2026-09-23 20:24:37,916 [ERROR] LogOutputStream:74 - [STDERR_REDIRECT] [Fatal Error] :1:1: Premature end of file.
2026-09-23 20:24:37,916 [ERROR] LogOutputStream:74 - [STDERR_REDIRECT] 
2026-09-23 20:24:38,926 [ERROR] LogOutputStream:74 - [STDERR_REDIRECT] [Fatal Error] :1:1: Premature end of file.
2026-09-23 20:24:38,926 [ERROR] LogOutputStream:74 - [STDERR_REDIRECT] 
2026-09-23 20:24:39,922 [ERROR] LogOutputStream:74 - [STDERR_REDIRECT] [Fatal Error] :1:1: Premature end of file.
2026-09-23 20:24:39,922 [ERROR] LogOutputStream:74 - [STDERR_REDIRECT] 
2026-09-23 20:24:40,911 [ERROR] LogOutputStream:74 - [STDERR_REDIRECT] [Fatal Error] :1:1: Premature end of file.
2026-09-23 20:24:40,911 [ERROR] LogOutputStream:74 - [STDERR_REDIRECT] 
2026-09-23 20:24:41,916 [ERROR] LogOutputStream:74 - [STDERR_REDIRECT] [Fatal Error] :1:1: Premature end of file.
2026-09-23 20:24:41,916 [ERROR] LogOutputStream:74 - [STDERR_REDIRECT] 
2026-09-23 20:24:42,926 [ERROR] LogOutputStream:74 - [STDERR_REDIRECT] [Fatal Error] :1:1: Premature end of file.
2026-09-23 20:24:42,926 [ERROR] LogOutputStream:74 - [STDERR_REDIRECT] 
2026-09-23 20:24:43,917 [ERROR] LogOutputStream:74 - [STDERR_REDIRECT] [Fatal Error] :1:1: Premature end of file.
2026-09-23 20:24:43,917 [ERROR] LogOutputStream:74 - [STDERR_REDIRECT] 
2026-09-23 20:24:44,916 [ERROR] LogOutputStream:74 - [STDERR_REDIRECT] [Fatal Error] :1:1: Premature end of file.
2026-09-23 20:24:44,916 [ERROR] LogOutputStream:74 - [STDERR_REDIRECT] 
2026-09-23 20:24:45,919 [ERROR] LogOutputStream:74 - [STDERR_REDIRECT] [Fatal Error] :1:1: Premature end of file.
2026-09-23 20:24:45,919 [ERROR] LogOutputStream:74 - [STDERR_REDIRECT] 
2026-09-23 20:24:46,912 [ERROR] LogOutputStream:74 - [STDERR_REDIRECT] [Fatal Error] :1:1: Premature end of file.
2026-09-23 20:24:46,912 [ERROR] LogOutputStream:74 - [STDERR_REDIRECT] 
2026-09-23 20:24:47,925 [ERROR] LogOutputStream:74 - [STDERR_REDIRECT] [Fatal Error] :1:1: Premature end of file.
2026-09-23 20:24:47,925 [ERROR] LogOutputStream:74 - [STDERR_REDIRECT] 
2026-09-23 20:24:48,917 [ERROR] LogOutputStream:74 - [STDERR_REDIRECT] [Fatal Error] :1:1: Premature end of file.
2026-09-23 20:24:48,917 [ERROR] LogOutputStream:74 - [STDERR_REDIRECT] 
2026-09-23 20:24:49,915 [ERROR] LogOutputStream:74 - [STDERR_REDIRECT] [Fatal Error] :1:1: Premature end of file.
2026-09-23 20:24:49,915 [ERROR] LogOutputStream:74 - [STDERR_REDIRECT] 
2026-09-23 20:24:50,912 [ERROR] LogOutputStream:74 - [STDERR_REDIRECT] [Fatal Error] :1:1: Premature end of file.
2026-09-23 20:24:50,912 [ERROR] LogOutputStream:74 - [STDERR_REDIRECT] 
2026-09-23 20:24:51,920 [ERROR] LogOutputStream:74 - [STDERR_REDIRECT] [Fatal Error] :1:1: Premature end of file.
2026-09-23 20:24:51,920 [ERROR] LogOutputStream:74 - [STDERR_REDIRECT] 
2026-09-23 20:24:52,912 [ERROR] LogOutputStream:74 - [STDERR_REDIRECT] [Fatal Error] :1:1: Premature end of file.
2026-09-23 20:24:52,912 [ERROR] LogOutputStream:74 - [STDERR_REDIRECT] 
2026-09-23 20:24:53,918 [ERROR] LogOutputStream:74 - [STDERR_REDIRECT] [Fatal Error] :1:1: Premature end of file.
2026-09-23 20:24:53,918 [ERROR] LogOutputStream:74 - [STDERR_REDIRECT] 
2026-09-23 20:24:54,915 [ERROR] LogOutputStream:74 - [STDERR_REDIRECT] [Fatal Error] :1:1: Premature end of file.
2026-09-23 20:24:54,915 [ERROR] LogOutputStream:74 - [STDERR_REDIRECT] 
2026-09-23 20:24:55,921 [ERROR] LogOutputStream:74 - [STDERR_REDIRECT] [Fatal Error] :1:1: Premature end of file.
2026-09-23 20:24:55,921 [ERROR] LogOutputStream:74 - [STDERR_REDIRECT] 
2026-09-23 20:24:56,912 [ERROR] LogOutputStream:74 - [STDERR_REDIRECT] [Fatal Error] :1:1: Premature end of file.
2026-09-23 20:24:56,912 [ERROR] LogOutputStream:74 - [STDERR_REDIRECT] 
2026-09-23 20:24:57,920 [ERROR] LogOutputStream:74 - [STDERR_REDIRECT] [Fatal Error] :1:1: Premature end of file.
2026-09-23 20:24:57,920 [ERROR] LogOutputStream:74 - [STDERR_REDIRECT] 
2026-09-23 20:24:58,913 [ERROR] LogOutputStream:74 - [STDERR_REDIRECT] [Fatal Error] :1:1: Premature end of file.
2026-09-23 20:24:58,913 [ERROR] LogOutputStream:74 - [STDERR_REDIRECT] 
2026-09-23 20:24:59,922 [ERROR] LogOutputStream:74 - [STDERR_REDIRECT] [Fatal Error] :1:1: Premature end of file.
2026-09-23 20:24:59,922 [ERROR] LogOutputStream:74 - [STDERR_REDIRECT] 
2026-09-23 20:25:00,915 [ERROR] LogOutputStream:74 - [STDERR_REDIRECT] [Fatal Error] :1:1: Premature end of file.
2026-09-23 20:25:00,915 [ERROR] LogOutputStream:74 - [STDERR_REDIRECT] 
2026-09-23 20:25:01,923 [ERROR] LogOutputStream:74 - [STDERR_REDIRECT] [Fatal Error] :1:1: Premature end of file.
2026-09-23 20:25:01,923 [ERROR] LogOutputStream:74 - [STDERR_REDIRECT] 
2026-09-23 20:25:02,924 [ERROR] LogOutputStream:74 - [STDERR_REDIRECT] [Fatal Error] :1:1: Premature end of file.
2026-09-23 20:25:02,924 [ERROR] LogOutputStream:74 - [STDERR_REDIRECT] 
2026-09-23 20:25:03,912 [ERROR] LogOutputStream:74 - [STDERR_REDIRECT] [Fatal Error] :1:1: Premature end of file.
2026-09-23 20:25:03,912 [ERROR] LogOutputStream:74 - [STDERR_REDIRECT] 
2026-09-23 20:25:04,921 [ERROR] LogOutputStream:74 - [STDERR_REDIRECT] [Fatal Error] :1:1: Premature end of file.
2026-09-23 20:25:04,921 [ERROR] LogOutputStream:74 - [STDERR_REDIRECT] 
2026-09-23 20:25:05,917 [ERROR] LogOutputStream:74 - [STDERR_REDIRECT] [Fatal Error] :1:1: Premature end of file.
2026-09-23 20:25:05,917 [ERROR] LogOutputStream:74 - [STDERR_REDIRECT] 
2026-09-23 20:25:06,907 [ERROR] LogOutputStream:74 - [STDERR_REDIRECT] [Fatal Error] :1:1: Premature end of file.
2026-09-23 20:25:06,907 [ERROR] LogOutputStream:74 - [STDERR_REDIRECT] 
2026-09-23 20:25:07,924 [ERROR] LogOutputStream:74 - [STDERR_REDIRECT] [Fatal Error] :1:1: Premature end of file.
2026-09-23 20:25:07,924 [ERROR] LogOutputStream:74 - [STDERR_REDIRECT] 
2026-09-23 20:25:08,926 [ERROR] LogOutputStream:74 - [STDERR_REDIRECT] [Fatal Error] :1:1: Premature end of file.
2026-09-23 20:25:08,926 [ERROR] LogOutputStream:74 - [STDERR_REDIRECT] 
2026-09-23 20:25:09,926 [ERROR] LogOutputStream:74 - [STDERR_REDIRECT] [Fatal Error] :1:1: Premature end of file.
2026-09-23 20:25:09,926 [ERROR] LogOutputStream:74 - [STDERR_REDIRECT] 
2026-09-23 20:25:10,903 [ERROR] LogOutputStream:74 - [STDERR_REDIRECT] [Fatal Error] :1:1: Premature end of file.
2026-09-23 20:25:10,903 [ERROR] LogOutputStream:74 - [STDERR_REDIRECT] 
2026-09-23 20:25:11,915 [ERROR] LogOutputStream:74 - [STDERR_REDIRECT] [Fatal Error] :1:1: Premature end of file.
2026-09-23 20:25:11,915 [ERROR] LogOutputStream:74 - [STDERR_REDIRECT] 
2026-09-23 20:25:12,926 [ERROR] LogOutputStream:74 - [STDERR_REDIRECT] [Fatal Error] :1:1: Premature end of file.
2026-09-23 20:25:12,926 [ERROR] LogOutputStream:74 - [STDERR_REDIRECT] 
2026-09-23 20:25:13,922 [ERROR] LogOutputStream:74 - [STDERR_REDIRECT] [Fatal Error] :1:1: Premature end of file.
2026-09-23 20:25:13,922 [ERROR] LogOutputStream:74 - [STDERR_REDIRECT] 
2026-09-23 20:25:14,932 [ERROR] LogOutputStream:74 - [STDERR_REDIRECT] [Fatal Error] :1:1: Premature end of file.
2026-09-23 20:25:14,932 [ERROR] LogOutputStream:74 - [STDERR_REDIRECT] 
2026-09-23 20:25:15,913 [ERROR] LogOutputStream:74 - [STDERR_REDIRECT] [Fatal Error] :1:1: Premature end of file.
2026-09-23 20:25:15,913 [ERROR] LogOutputStream:74 - [STDERR_REDIRECT] 
2026-09-23 20:25:16,911 [ERROR] LogOutputStream:74 - [STDERR_REDIRECT] [Fatal Error] :1:1: Premature end of file.
2026-09-23 20:25:16,911 [ERROR] LogOutputStream:74 - [STDERR_REDIRECT] 
2026-09-23 20:25:17,925 [ERROR] LogOutputStream:74 - [STDERR_REDIRECT] [Fatal Error] :1:1: Premature end of file.
2026-09-23 20:25:17,925 [ERROR] LogOutputStream:74 - [STDERR_REDIRECT] 
2026-09-23 20:25:18,920 [ERROR] LogOutputStream:74 - [STDERR_REDIRECT] [Fatal Error] :1:1: Premature end of file.
2026-09-23 20:25:18,920 [ERROR] LogOutputStream:74 - [STDERR_REDIRECT] 
2026-09-23 20:25:19,922 [ERROR] LogOutputStream:74 - [STDERR_REDIRECT] [Fatal Error] :1:1: Premature end of file.
2026-09-23 20:25:19,922 [ERROR] LogOutputStream:74 - [STDERR_REDIRECT] 
2026-09-23 20:25:20,914 [ERROR] LogOutputStream:74 - [STDERR_REDIRECT] [Fatal Error] :1:1: Premature end of file.
2026-09-23 20:25:20,914 [ERROR] LogOutputStream:74 - [STDERR_REDIRECT] 
2026-09-23 20:25:21,931 [ERROR] LogOutputStream:74 - [STDERR_REDIRECT] [Fatal Error] :1:1: Premature end of file.
2026-09-23 20:25:21,931 [ERROR] LogOutputStream:74 - [STDERR_REDIRECT] 
2026-09-23 20:25:22,920 [ERROR] LogOutputStream:74 - [STDERR_REDIRECT] [Fatal Error] :1:1: Premature end of file.
2026-09-23 20:25:22,920 [ERROR] LogOutputStream:74 - [STDERR_REDIRECT] 
2026-09-23 20:25:23,915 [ERROR] LogOutputStream:74 - [STDERR_REDIRECT] [Fatal Error] :1:1: Premature end of file.
2026-09-23 20:25:23,915 [ERROR] LogOutputStream:74 - [STDERR_REDIRECT] 
2026-09-23 20:25:24,915 [ERROR] LogOutputStream:74 - [STDERR_REDIRECT] [Fatal Error] :1:1: Premature end of file.
2026-09-23 20:25:24,915 [ERROR] LogOutputStream:74 - [STDERR_REDIRECT] 
2026-09-23 20:25:25,918 [ERROR] LogOutputStream:74 - [STDERR_REDIRECT] [Fatal Error] :1:1: Premature end of file.
2026-09-23 20:25:25,918 [ERROR] LogOutputStream:74 - [STDERR_REDIRECT] 
2026-09-23 20:25:26,920 [ERROR] LogOutputStream:74 - [STDERR_REDIRECT] [Fatal Error] :1:1: Premature end of file.
2026-09-23 20:25:26,920 [ERROR] LogOutputStream:74 - [STDERR_REDIRECT] 
2026-09-23 20:25:27,917 [ERROR] LogOutputStream:74 - [STDERR_REDIRECT] [Fatal Error] :1:1: Premature end of file.
2026-09-23 20:25:27,917 [ERROR] LogOutputStream:74 - [STDERR_REDIRECT] 
2026-09-23 20:25:28,925 [ERROR] LogOutputStream:74 - [STDERR_REDIRECT] [Fatal Error] :1:1: Premature end of file.
2026-09-23 20:25:28,925 [ERROR] LogOutputStream:74 - [STDERR_REDIRECT] 
2026-09-23 20:25:29,929 [ERROR] LogOutputStream:74 - [STDERR_REDIRECT] [Fatal Error] :1:1: Premature end of file.
2026-09-23 20:25:29,929 [ERROR] LogOutputStream:74 - [STDERR_REDIRECT] 
2026-09-23 20:25:30,917 [ERROR] LogOutputStream:74 - [STDERR_REDIRECT] [Fatal Error] :1:1: Premature end of file.
2026-09-23 20:25:30,917 [ERROR] LogOutputStream:74 - [STDERR_REDIRECT] 
2026-09-23 20:25:31,911 [ERROR] LogOutputStream:74 - [STDERR_REDIRECT] [Fatal Error] :1:1: Premature end of file.
2026-09-23 20:25:31,911 [ERROR] LogOutputStream:74 - [STDERR_REDIRECT] 
2026-09-23 20:25:32,913 [ERROR] LogOutputStream:74 - [STDERR_REDIRECT] [Fatal Error] :1:1: Premature end of file.
2026-09-23 20:25:32,913 [ERROR] LogOutputStream:74 - [STDERR_REDIRECT] 
2026-09-23 20:25:33,919 [ERROR] LogOutputStream:74 - [STDERR_REDIRECT] [Fatal Error] :1:1: Premature end of file.
2026-09-23 20:25:33,919 [ERROR] LogOutputStream:74 - [STDERR_REDIRECT] 
2026-09-23 20:25:34,916 [ERROR] LogOutputStream:74 - [STDERR_REDIRECT] [Fatal Error] :1:1: Premature end of file.
2026-09-23 20:25:34,916 [ERROR] LogOutputStream:74 - [STDERR_REDIRECT] 
2026-09-23 20:25:35,911 [ERROR] LogOutputStream:74 - [STDERR_REDIRECT] [Fatal Error] :1:1: Premature end of file.
2026-09-23 20:25:35,911 [ERROR] LogOutputStream:74 - [STDERR_REDIRECT] 
2026-09-23 20:25:36,924 [ERROR] LogOutputStream:74 - [STDERR_REDIRECT] [Fatal Error] :1:1: Premature end of file.
2026-09-23 20:25:36,924 [ERROR] LogOutputStream:74 - [STDERR_REDIRECT] 
2026-09-23 20:25:37,931 [ERROR] LogOutputStream:74 - [STDERR_REDIRECT] [Fatal Error] :1:1: Premature end of file.
2026-09-23 20:25:37,934 [ERROR] LogOutputStream:74 - [STDERR_REDIRECT] 
2026-09-23 20:25:38,918 [ERROR] LogOutputStream:74 - [STDERR_REDIRECT] [Fatal Error] :1:1: Premature end of file.
2026-09-23 20:25:38,918 [ERROR] LogOutputStream:74 - [STDERR_REDIRECT] 
2026-09-23 20:25:39,915 [ERROR] LogOutputStream:74 - [STDERR_REDIRECT] [Fatal Error] :1:1: Premature end of file.
2026-09-23 20:25:39,915 [ERROR] LogOutputStream:74 - [STDERR_REDIRECT] 
2026-09-23 20:25:40,925 [ERROR] LogOutputStream:74 - [STDERR_REDIRECT] [Fatal Error] :1:1: Premature end of file.
2026-09-23 20:25:40,925 [ERROR] LogOutputStream:74 - [STDERR_REDIRECT] 
2026-09-23 20:25:41,930 [ERROR] LogOutputStream:74 - [STDERR_REDIRECT] [Fatal Error] :1:1: Premature end of file.
2026-09-23 20:25:41,930 [ERROR] LogOutputStream:74 - [STDERR_REDIRECT] 
2026-09-23 20:25:42,920 [ERROR] LogOutputStream:74 - [STDERR_REDIRECT] [Fatal Error] :1:1: Premature end of file.
2026-09-23 20:25:42,920 [ERROR] LogOutputStream:74 - [STDERR_REDIRECT] 
2026-09-23 20:25:43,927 [ERROR] LogOutputStream:74 - [STDERR_REDIRECT] [Fatal Error] :1:1: Premature end of file.
2026-09-23 20:25:43,927 [ERROR] LogOutputStream:74 - [STDERR_REDIRECT] 
2026-09-23 20:25:44,921 [ERROR] LogOutputStream:74 - [STDERR_REDIRECT] [Fatal Error] :1:1: Premature end of file.
2026-09-23 20:25:44,921 [ERROR] LogOutputStream:74 - [STDERR_REDIRECT] 
2026-09-23 20:25:45,918 [ERROR] LogOutputStream:74 - [STDERR_REDIRECT] [Fatal Error] :1:1: Premature end of file.
2026-09-23 20:25:45,918 [ERROR] LogOutputStream:74 - [STDERR_REDIRECT] 
2026-09-23 20:25:46,921 [ERROR] LogOutputStream:74 - [STDERR_REDIRECT] [Fatal Error] :1:1: Premature end of file.
2026-09-23 20:25:46,930 [ERROR] LogOutputStream:74 - [STDERR_REDIRECT] 
2026-09-23 20:25:47,916 [ERROR] LogOutputStream:74 - [STDERR_REDIRECT] [Fatal Error] :1:1: Premature end of file.
2026-09-23 20:25:47,916 [ERROR] LogOutputStream:74 - [STDERR_REDIRECT] 
2026-09-23 20:25:48,915 [ERROR] LogOutputStream:74 - [STDERR_REDIRECT] [Fatal Error] :1:1: Premature end of file.
2026-09-23 20:25:48,915 [ERROR] LogOutputStream:74 - [STDERR_REDIRECT] 
2026-09-23 20:25:49,913 [ERROR] LogOutputStream:74 - [STDERR_REDIRECT] [Fatal Error] :1:1: Premature end of file.
2026-09-23 20:25:49,913 [ERROR] LogOutputStream:74 - [STDERR_REDIRECT] 
2026-09-23 20:25:50,905 [ERROR] LogOutputStream:74 - [STDERR_REDIRECT] [Fatal Error] :1:1: Premature end of file.
2026-09-23 20:25:50,921 [ERROR] LogOutputStream:74 - [STDERR_REDIRECT] 
2026-09-23 20:25:51,916 [ERROR] LogOutputStream:74 - [STDERR_REDIRECT] [Fatal Error] :1:1: Premature end of file.
2026-09-23 20:25:51,916 [ERROR] LogOutputStream:74 - [STDERR_REDIRECT] 
2026-09-23 20:25:52,931 [ERROR] LogOutputStream:74 - [STDERR_REDIRECT] [Fatal Error] :1:1: Premature end of file.
2026-09-23 20:25:52,931 [ERROR] LogOutputStream:74 - [STDERR_REDIRECT] 
2026-09-23 20:25:53,929 [ERROR] LogOutputStream:74 - [STDERR_REDIRECT] [Fatal Error] :1:1: Premature end of file.
2026-09-23 20:25:53,929 [ERROR] LogOutputStream:74 - [STDERR_REDIRECT] 
2026-09-23 20:25:54,918 [ERROR] LogOutputStream:74 - [STDERR_REDIRECT] [Fatal Error] :1:1: Premature end of file.
2026-09-23 20:25:54,918 [ERROR] LogOutputStream:74 - [STDERR_REDIRECT] 
2026-09-23 20:25:55,915 [ERROR] LogOutputStream:74 - [STDERR_REDIRECT] [Fatal Error] :1:1: Premature end of file.
2026-09-23 20:25:55,915 [ERROR] LogOutputStream:74 - [STDERR_REDIRECT] 
2026-09-23 20:25:56,914 [ERROR] LogOutputStream:74 - [STDERR_REDIRECT] [Fatal Error] :1:1: Premature end of file.
2026-09-23 20:25:56,914 [ERROR] LogOutputStream:74 - [STDERR_REDIRECT] 
2026-09-23 20:25:57,927 [ERROR] LogOutputStream:74 - [STDERR_REDIRECT] [Fatal Error] :1:1: Premature end of file.
2026-09-23 20:25:57,927 [ERROR] LogOutputStream:74 - [STDERR_REDIRECT] 
2026-09-23 20:25:58,920 [ERROR] LogOutputStream:74 - [STDERR_REDIRECT] [Fatal Error] :1:1: Premature end of file.
2026-09-23 20:25:58,920 [ERROR] LogOutputStream:74 - [STDERR_REDIRECT] 
2026-09-23 20:25:59,939 [ERROR] LogOutputStream:74 - [STDERR_REDIRECT] [Fatal Error] :1:1: Premature end of file.
2026-09-23 20:25:59,939 [ERROR] LogOutputStream:74 - [STDERR_REDIRECT] 
2026-09-23 20:26:00,931 [ERROR] LogOutputStream:74 - [STDERR_REDIRECT] [Fatal Error] :1:1: Premature end of file.
2026-09-23 20:26:00,931 [ERROR] LogOutputStream:74 - [STDERR_REDIRECT] 
2026-09-23 20:26:01,929 [ERROR] LogOutputStream:74 - [STDERR_REDIRECT] [Fatal Error] :1:1: Premature end of file.
2026-09-23 20:26:01,929 [ERROR] LogOutputStream:74 - [STDERR_REDIRECT] 
2026-09-23 20:26:02,909 [ERROR] LogOutputStream:74 - [STDERR_REDIRECT] [Fatal Error] :1:1: Premature end of file.
2026-09-23 20:26:02,912 [ERROR] LogOutputStream:74 - [STDERR_REDIRECT] 
2026-09-23 20:26:03,928 [ERROR] LogOutputStream:74 - [STDERR_REDIRECT] [Fatal Error] :1:1: Premature end of file.
2026-09-23 20:26:03,938 [ERROR] LogOutputStream:74 - [STDERR_REDIRECT] 
2026-09-23 20:26:04,921 [ERROR] LogOutputStream:74 - [STDERR_REDIRECT] [Fatal Error] :1:1: Premature end of file.
2026-09-23 20:26:04,921 [ERROR] LogOutputStream:74 - [STDERR_REDIRECT] 
2026-09-23 20:26:05,928 [ERROR] LogOutputStream:74 - [STDERR_REDIRECT] [Fatal Error] :1:1: Premature end of file.
2026-09-23 20:26:05,928 [ERROR] LogOutputStream:74 - [STDERR_REDIRECT] 
2026-09-23 20:26:06,930 [ERROR] LogOutputStream:74 - [STDERR_REDIRECT] [Fatal Error] :1:1: Premature end of file.
2026-09-23 20:26:06,930 [ERROR] LogOutputStream:74 - [STDERR_REDIRECT] 
2026-09-23 20:26:07,918 [ERROR] LogOutputStream:74 - [STDERR_REDIRECT] [Fatal Error] :1:1: Premature end of file.
2026-09-23 20:26:07,918 [ERROR] LogOutputStream:74 - [STDERR_REDIRECT] 
2026-09-23 20:26:08,928 [ERROR] LogOutputStream:74 - [STDERR_REDIRECT] [Fatal Error] :1:1: Premature end of file.
2026-09-23 20:26:08,928 [ERROR] LogOutputStream:74 - [STDERR_REDIRECT] 
2026-09-23 20:26:09,928 [ERROR] LogOutputStream:74 - [STDERR_REDIRECT] [Fatal Error] :1:1: Premature end of file.
2026-09-23 20:26:09,928 [ERROR] LogOutputStream:74 - [STDERR_REDIRECT] 
2026-09-23 20:26:10,922 [ERROR] LogOutputStream:74 - [STDERR_REDIRECT] [Fatal Error] :1:1: Premature end of file.
2026-09-23 20:26:10,922 [ERROR] LogOutputStream:74 - [STDERR_REDIRECT] 
2026-09-23 20:26:11,918 [ERROR] LogOutputStream:74 - [STDERR_REDIRECT] [Fatal Error] :1:1: Premature end of file.
2026-09-23 20:26:11,918 [ERROR] LogOutputStream:74 - [STDERR_REDIRECT] 
2026-09-23 20:26:12,928 [ERROR] LogOutputStream:74 - [STDERR_REDIRECT] [Fatal Error] :1:1: Premature end of file.
2026-09-23 20:26:12,928 [ERROR] LogOutputStream:74 - [STDERR_REDIRECT] 
2026-09-23 20:26:13,924 [ERROR] LogOutputStream:74 - [STDERR_REDIRECT] [Fatal Error] :1:1: Premature end of file.
2026-09-23 20:26:13,924 [ERROR] LogOutputStream:74 - [STDERR_REDIRECT] 
2026-09-23 20:26:14,920 [ERROR] LogOutputStream:74 - [STDERR_REDIRECT] [Fatal Error] :1:1: Premature end of file.
2026-09-23 20:26:14,920 [ERROR] LogOutputStream:74 - [STDERR_REDIRECT] 
2026-09-23 20:26:15,913 [ERROR] LogOutputStream:74 - [STDERR_REDIRECT] [Fatal Error] :1:1: Premature end of file.
2026-09-23 20:26:15,913 [ERROR] LogOutputStream:74 - [STDERR_REDIRECT] 
2026-09-23 20:26:16,926 [ERROR] LogOutputStream:74 - [STDERR_REDIRECT] [Fatal Error] :1:1: Premature end of file.
2026-09-23 20:26:16,926 [ERROR] LogOutputStream:74 - [STDERR_REDIRECT] 
2026-09-23 20:26:17,929 [ERROR] LogOutputStream:74 - [STDERR_REDIRECT] [Fatal Error] :1:1: Premature end of file.
2026-09-23 20:26:17,929 [ERROR] LogOutputStream:74 - [STDERR_REDIRECT] 
2026-09-23 20:26:18,917 [ERROR] LogOutputStream:74 - [STDERR_REDIRECT] [Fatal Error] :1:1: Premature end of file.
2026-09-23 20:26:18,917 [ERROR] LogOutputStream:74 - [STDERR_REDIRECT] 
2026-09-23 20:26:19,924 [ERROR] LogOutputStream:74 - [STDERR_REDIRECT] [Fatal Error] :1:1: Premature end of file.
2026-09-23 20:26:19,924 [ERROR] LogOutputStream:74 - [STDERR_REDIRECT] 
2026-09-23 20:26:20,911 [ERROR] LogOutputStream:74 - [STDERR_REDIRECT] [Fatal Error] :1:1: Premature end of file.
2026-09-23 20:26:20,911 [ERROR] LogOutputStream:74 - [STDERR_REDIRECT] 
2026-09-23 20:26:21,923 [ERROR] LogOutputStream:74 - [STDERR_REDIRECT] [Fatal Error] :1:1: Premature end of file.
2026-09-23 20:26:21,923 [ERROR] LogOutputStream:74 - [STDERR_REDIRECT] 
2026-09-23 20:26:22,920 [ERROR] LogOutputStream:74 - [STDERR_REDIRECT] [Fatal Error] :1:1: Premature end of file.
2026-09-23 20:26:22,920 [ERROR] LogOutputStream:74 - [STDERR_REDIRECT] 
2026-09-23 20:26:23,917 [ERROR] LogOutputStream:74 - [STDERR_REDIRECT] [Fatal Error] :1:1: Premature end of file.
2026-09-23 20:26:23,917 [ERROR] LogOutputStream:74 - [STDERR_REDIRECT] 
2026-09-23 20:26:24,915 [ERROR] LogOutputStream:74 - [STDERR_REDIRECT] [Fatal Error] :1:1: Premature end of file.
2026-09-23 20:26:24,915 [ERROR] LogOutputStream:74 - [STDERR_REDIRECT] 
2026-09-23 20:26:25,914 [ERROR] LogOutputStream:74 - [STDERR_REDIRECT] [Fatal Error] :1:1: Premature end of file.
2026-09-23 20:26:25,914 [ERROR] LogOutputStream:74 - [STDERR_REDIRECT] 
2026-09-23 20:26:26,925 [ERROR] LogOutputStream:74 - [STDERR_REDIRECT] [Fatal Error] :1:1: Premature end of file.
2026-09-23 20:26:26,925 [ERROR] LogOutputStream:74 - [STDERR_REDIRECT] 
2026-09-23 20:26:27,922 [ERROR] LogOutputStream:74 - [STDERR_REDIRECT] [Fatal Error] :1:1: Premature end of file.
2026-09-23 20:26:27,926 [ERROR] LogOutputStream:74 - [STDERR_REDIRECT] 
2026-09-23 20:26:28,920 [ERROR] LogOutputStream:74 - [STDERR_REDIRECT] [Fatal Error] :1:1: Premature end of file.
2026-09-23 20:26:28,920 [ERROR] LogOutputStream:74 - [STDERR_REDIRECT] 
2026-09-23 20:26:29,949 [ERROR] LogOutputStream:74 - [STDERR_REDIRECT] [Fatal Error] :1:1: Premature end of file.
2026-09-23 20:26:29,949 [ERROR] LogOutputStream:74 - [STDERR_REDIRECT] 
2026-09-23 20:26:30,928 [ERROR] LogOutputStream:74 - [STDERR_REDIRECT] [Fatal Error] :1:1: Premature end of file.
2026-09-23 20:26:30,932 [ERROR] LogOutputStream:74 - [STDERR_REDIRECT] 
2026-09-23 20:26:31,923 [ERROR] LogOutputStream:74 - [STDERR_REDIRECT] [Fatal Error] :1:1: Premature end of file.
2026-09-23 20:26:31,924 [ERROR] LogOutputStream:74 - [STDERR_REDIRECT] 
2026-09-23 20:26:32,927 [ERROR] LogOutputStream:74 - [STDERR_REDIRECT] [Fatal Error] :1:1: Premature end of file.
2026-09-23 20:26:32,927 [ERROR] LogOutputStream:74 - [STDERR_REDIRECT] 
2026-09-23 20:26:33,910 [ERROR] LogOutputStream:74 - [STDERR_REDIRECT] [Fatal Error] :1:1: Premature end of file.
2026-09-23 20:26:33,910 [ERROR] LogOutputStream:74 - [STDERR_REDIRECT] 
2026-09-23 20:26:34,924 [ERROR] LogOutputStream:74 - [STDERR_REDIRECT] [Fatal Error] :1:1: Premature end of file.
2026-09-23 20:26:34,924 [ERROR] LogOutputStream:74 - [STDERR_REDIRECT] 
2026-09-23 20:26:35,931 [ERROR] LogOutputStream:74 - [STDERR_REDIRECT] [Fatal Error] :1:1: Premature end of file.
2026-09-23 20:26:35,931 [ERROR] LogOutputStream:74 - [STDERR_REDIRECT] 
2026-09-23 20:26:36,926 [ERROR] LogOutputStream:74 - [STDERR_REDIRECT] [Fatal Error] :1:1: Premature end of file.
2026-09-23 20:26:36,926 [ERROR] LogOutputStream:74 - [STDERR_REDIRECT] 
2026-09-23 20:26:37,932 [ERROR] LogOutputStream:74 - [STDERR_REDIRECT] [Fatal Error] :1:1: Premature end of file.
2026-09-23 20:26:37,932 [ERROR] LogOutputStream:74 - [STDERR_REDIRECT] 
2026-09-23 20:26:38,925 [ERROR] LogOutputStream:74 - [STDERR_REDIRECT] [Fatal Error] :1:1: Premature end of file.
2026-09-23 20:26:38,925 [ERROR] LogOutputStream:74 - [STDERR_REDIRECT] 
2026-09-23 20:26:39,932 [ERROR] LogOutputStream:74 - [STDERR_REDIRECT] [Fatal Error] :1:1: Premature end of file.
2026-09-23 20:26:39,932 [ERROR] LogOutputStream:74 - [STDERR_REDIRECT] 
2026-09-23 20:26:40,924 [ERROR] LogOutputStream:74 - [STDERR_REDIRECT] [Fatal Error] :1:1: Premature end of file.
2026-09-23 20:26:40,925 [ERROR] LogOutputStream:74 - [STDERR_REDIRECT] 
2026-09-23 20:26:41,930 [ERROR] LogOutputStream:74 - [STDERR_REDIRECT] [Fatal Error] :1:1: Premature end of file.
2026-09-23 20:26:41,930 [ERROR] LogOutputStream:74 - [STDERR_REDIRECT] 
2026-09-23 20:26:42,977 [ERROR] LogOutputStream:74 - [STDERR_REDIRECT] [Fatal Error] :1:1: Premature end of file.
2026-09-23 20:26:42,978 [ERROR] LogOutputStream:74 - [STDERR_REDIRECT] 
2026-09-23 20:26:43,945 [ERROR] LogOutputStream:74 - [STDERR_REDIRECT] [Fatal Error] :1:1: Premature end of file.
2026-09-23 20:26:43,945 [ERROR] LogOutputStream:74 - [STDERR_REDIRECT] 
2026-09-23 20:26:44,930 [ERROR] LogOutputStream:74 - [STDERR_REDIRECT] [Fatal Error] :1:1: Premature end of file.
2026-09-23 20:26:44,930 [ERROR] LogOutputStream:74 - [STDERR_REDIRECT] 
2026-09-23 20:26:45,936 [ERROR] LogOutputStream:74 - [STDERR_REDIRECT] [Fatal Error] :1:1: Premature end of file.
2026-09-23 20:26:45,937 [ERROR] LogOutputStream:74 - [STDERR_REDIRECT] 
2026-09-23 20:26:46,948 [ERROR] LogOutputStream:74 - [STDERR_REDIRECT] [Fatal Error] :1:1: Premature end of file.
2026-09-23 20:26:46,949 [ERROR] LogOutputStream:74 - [STDERR_REDIRECT] 
2026-09-23 20:26:47,926 [ERROR] LogOutputStream:74 - [STDERR_REDIRECT] [Fatal Error] :1:1: Premature end of file.
2026-09-23 20:26:47,926 [ERROR] LogOutputStream:74 - [STDERR_REDIRECT] 
2026-09-23 20:26:48,920 [ERROR] LogOutputStream:74 - [STDERR_REDIRECT] [Fatal Error] :1:1: Premature end of file.
2026-09-23 20:26:48,920 [ERROR] LogOutputStream:74 - [STDERR_REDIRECT] 
2026-09-23 20:26:49,920 [ERROR] LogOutputStream:74 - [STDERR_REDIRECT] [Fatal Error] :1:1: Premature end of file.
2026-09-23 20:26:49,920 [ERROR] LogOutputStream:74 - [STDERR_REDIRECT] 
2026-09-23 20:26:50,920 [ERROR] LogOutputStream:74 - [STDERR_REDIRECT] [Fatal Error] :1:1: Premature end of file.
2026-09-23 20:26:50,920 [ERROR] LogOutputStream:74 - [STDERR_REDIRECT] 
2026-09-23 20:26:51,912 [ERROR] LogOutputStream:74 - [STDERR_REDIRECT] [Fatal Error] :1:1: Premature end of file.
2026-09-23 20:26:51,912 [ERROR] LogOutputStream:74 - [STDERR_REDIRECT] 
2026-09-23 20:26:52,924 [ERROR] LogOutputStream:74 - [STDERR_REDIRECT] [Fatal Error] :1:1: Premature end of file.
2026-09-23 20:26:52,924 [ERROR] LogOutputStream:74 - [STDERR_REDIRECT] 
2026-09-23 20:26:53,930 [ERROR] LogOutputStream:74 - [STDERR_REDIRECT] [Fatal Error] :1:1: Premature end of file.
2026-09-23 20:26:53,931 [ERROR] LogOutputStream:74 - [STDERR_REDIRECT] 
2026-09-23 20:26:54,941 [ERROR] LogOutputStream:74 - [STDERR_REDIRECT] [Fatal Error] :1:1: Premature end of file.
2026-09-23 20:26:54,941 [ERROR] LogOutputStream:74 - [STDERR_REDIRECT] 
2026-09-23 20:26:55,920 [ERROR] LogOutputStream:74 - [STDERR_REDIRECT] [Fatal Error] :1:1: Premature end of file.
2026-09-23 20:26:55,921 [ERROR] LogOutputStream:74 - [STDERR_REDIRECT] 
2026-09-23 20:26:56,925 [ERROR] LogOutputStream:74 - [STDERR_REDIRECT] [Fatal Error] :1:1: Premature end of file.
2026-09-23 20:26:56,925 [ERROR] LogOutputStream:74 - [STDERR_REDIRECT] 
2026-09-23 20:26:57,919 [ERROR] LogOutputStream:74 - [STDERR_REDIRECT] [Fatal Error] :1:1: Premature end of file.
2026-09-23 20:26:57,919 [ERROR] LogOutputStream:74 - [STDERR_REDIRECT] 
2026-09-23 20:26:58,916 [ERROR] LogOutputStream:74 - [STDERR_REDIRECT] [Fatal Error] :1:1: Premature end of file.
2026-09-23 20:26:58,916 [ERROR] LogOutputStream:74 - [STDERR_REDIRECT] 
2026-09-23 20:26:59,925 [ERROR] LogOutputStream:74 - [STDERR_REDIRECT] [Fatal Error] :1:1: Premature end of file.
2026-09-23 20:26:59,925 [ERROR] LogOutputStream:74 - [STDERR_REDIRECT] 
2026-09-23 20:27:00,922 [ERROR] LogOutputStream:74 - [STDERR_REDIRECT] [Fatal Error] :1:1: Premature end of file.
2026-09-23 20:27:00,922 [ERROR] LogOutputStream:74 - [STDERR_REDIRECT] 
2026-09-23 20:27:01,919 [ERROR] LogOutputStream:74 - [STDERR_REDIRECT] [Fatal Error] :1:1: Premature end of file.
2026-09-23 20:27:01,919 [ERROR] LogOutputStream:74 - [STDERR_REDIRECT] 
2026-09-23 20:27:02,914 [ERROR] LogOutputStream:74 - [STDERR_REDIRECT] [Fatal Error] :1:1: Premature end of file.
2026-09-23 20:27:02,914 [ERROR] LogOutputStream:74 - [STDERR_REDIRECT] 
2026-09-23 20:27:03,931 [ERROR] LogOutputStream:74 - [STDERR_REDIRECT] [Fatal Error] :1:1: Premature end of file.
2026-09-23 20:27:03,931 [ERROR] LogOutputStream:74 - [STDERR_REDIRECT] 
2026-09-23 20:27:04,946 [ERROR] LogOutputStream:74 - [STDERR_REDIRECT] [Fatal Error] :1:1: Premature end of file.
2026-09-23 20:27:04,946 [ERROR] LogOutputStream:74 - [STDERR_REDIRECT] 
2026-09-23 20:27:05,924 [ERROR] LogOutputStream:74 - [STDERR_REDIRECT] [Fatal Error] :1:1: Premature end of file.
2026-09-23 20:27:05,924 [ERROR] LogOutputStream:74 - [STDERR_REDIRECT] 
2026-09-23 20:27:06,927 [ERROR] LogOutputStream:74 - [STDERR_REDIRECT] [Fatal Error] :1:1: Premature end of file.
2026-09-23 20:27:06,927 [ERROR] LogOutputStream:74 - [STDERR_REDIRECT] 
2026-09-23 20:27:07,921 [ERROR] LogOutputStream:74 - [STDERR_REDIRECT] [Fatal Error] :1:1: Premature end of file.
2026-09-23 20:27:07,925 [ERROR] LogOutputStream:74 - [STDERR_REDIRECT] 
2026-09-23 20:27:08,914 [ERROR] LogOutputStream:74 - [STDERR_REDIRECT] [Fatal Error] :1:1: Premature end of file.
2026-09-23 20:27:08,914 [ERROR] LogOutputStream:74 - [STDERR_REDIRECT] 
2026-09-23 20:27:09,931 [ERROR] LogOutputStream:74 - [STDERR_REDIRECT] [Fatal Error] :1:1: Premature end of file.
2026-09-23 20:27:09,931 [ERROR] LogOutputStream:74 - [STDERR_REDIRECT] 
2026-09-23 20:27:10,923 [ERROR] LogOutputStream:74 - [STDERR_REDIRECT] [Fatal Error] :1:1: Premature end of file.
2026-09-23 20:27:10,923 [ERROR] LogOutputStream:74 - [STDERR_REDIRECT] 
2026-09-23 20:27:11,918 [ERROR] LogOutputStream:74 - [STDERR_REDIRECT] [Fatal Error] :1:1: Premature end of file.
2026-09-23 20:27:11,918 [ERROR] LogOutputStream:74 - [STDERR_REDIRECT] 
2026-09-23 20:27:12,917 [ERROR] LogOutputStream:74 - [STDERR_REDIRECT] [Fatal Error] :1:1: Premature end of file.
2026-09-23 20:27:12,924 [ERROR] LogOutputStream:74 - [STDERR_REDIRECT] 
2026-09-23 20:27:13,937 [ERROR] LogOutputStream:74 - [STDERR_REDIRECT] [Fatal Error] :1:1: Premature end of file.
2026-09-23 20:27:13,938 [ERROR] LogOutputStream:74 - [STDERR_REDIRECT] 
2026-09-23 20:27:14,922 [ERROR] LogOutputStream:74 - [STDERR_REDIRECT] [Fatal Error] :1:1: Premature end of file.
2026-09-23 20:27:14,922 [ERROR] LogOutputStream:74 - [STDERR_REDIRECT] 
2026-09-23 20:27:15,914 [ERROR] LogOutputStream:74 - [STDERR_REDIRECT] [Fatal Error] :1:1: Premature end of file.
2026-09-23 20:27:15,914 [ERROR] LogOutputStream:74 - [STDERR_REDIRECT] 
2026-09-23 20:27:16,924 [ERROR] LogOutputStream:74 - [STDERR_REDIRECT] [Fatal Error] :1:1: Premature end of file.
2026-09-23 20:27:16,924 [ERROR] LogOutputStream:74 - [STDERR_REDIRECT] 
2026-09-23 20:27:17,925 [ERROR] LogOutputStream:74 - [STDERR_REDIRECT] [Fatal Error] :1:1: Premature end of file.
2026-09-23 20:27:17,925 [ERROR] LogOutputStream:74 - [STDERR_REDIRECT] 
2026-09-23 20:27:18,929 [ERROR] LogOutputStream:74 - [STDERR_REDIRECT] [Fatal Error] :1:1: Premature end of file.
2026-09-23 20:27:18,929 [ERROR] LogOutputStream:74 - [STDERR_REDIRECT] 
2026-09-23 20:27:19,926 [ERROR] LogOutputStream:74 - [STDERR_REDIRECT] [Fatal Error] :1:1: Premature end of file.
2026-09-23 20:27:19,926 [ERROR] LogOutputStream:74 - [STDERR_REDIRECT] 
2026-09-23 20:27:20,923 [ERROR] LogOutputStream:74 - [STDERR_REDIRECT] [Fatal Error] :1:1: Premature end of file.
2026-09-23 20:27:20,923 [ERROR] LogOutputStream:74 - [STDERR_REDIRECT] 
2026-09-23 20:27:21,955 [ERROR] LogOutputStream:74 - [STDERR_REDIRECT] [Fatal Error] :1:1: Premature end of file.
2026-09-23 20:27:21,956 [ERROR] LogOutputStream:74 - [STDERR_REDIRECT] 
2026-09-23 20:27:22,924 [ERROR] LogOutputStream:74 - [STDERR_REDIRECT] [Fatal Error] :1:1: Premature end of file.
2026-09-23 20:27:22,933 [ERROR] LogOutputStream:74 - [STDERR_REDIRECT] 
2026-09-23 20:27:23,924 [ERROR] LogOutputStream:74 - [STDERR_REDIRECT] [Fatal Error] :1:1: Premature end of file.
2026-09-23 20:27:23,924 [ERROR] LogOutputStream:74 - [STDERR_REDIRECT] 
2026-09-23 20:27:24,921 [ERROR] LogOutputStream:74 - [STDERR_REDIRECT] [Fatal Error] :1:1: Premature end of file.
2026-09-23 20:27:24,921 [ERROR] LogOutputStream:74 - [STDERR_REDIRECT] 
2026-09-23 20:27:25,923 [ERROR] LogOutputStream:74 - [STDERR_REDIRECT] [Fatal Error] :1:1: Premature end of file.
2026-09-23 20:27:25,924 [ERROR] LogOutputStream:74 - [STDERR_REDIRECT] 
2026-09-23 20:27:26,924 [ERROR] LogOutputStream:74 - [STDERR_REDIRECT] [Fatal Error] :1:1: Premature end of file.
2026-09-23 20:27:26,924 [ERROR] LogOutputStream:74 - [STDERR_REDIRECT] 
2026-09-23 20:27:27,923 [ERROR] LogOutputStream:74 - [STDERR_REDIRECT] [Fatal Error] :1:1: Premature end of file.
2026-09-23 20:27:27,923 [ERROR] LogOutputStream:74 - [STDERR_REDIRECT] 
2026-09-23 20:27:28,923 [ERROR] LogOutputStream:74 - [STDERR_REDIRECT] [Fatal Error] :1:1: Premature end of file.
2026-09-23 20:27:28,923 [ERROR] LogOutputStream:74 - [STDERR_REDIRECT] 
2026-09-23 20:27:29,925 [ERROR] LogOutputStream:74 - [STDERR_REDIRECT] [Fatal Error] :1:1: Premature end of file.
2026-09-23 20:27:29,925 [ERROR] LogOutputStream:74 - [STDERR_REDIRECT] 
2026-09-23 20:27:30,932 [ERROR] LogOutputStream:74 - [STDERR_REDIRECT] [Fatal Error] :1:1: Premature end of file.
2026-09-23 20:27:30,932 [ERROR] LogOutputStream:74 - [STDERR_REDIRECT] 
2026-09-23 20:27:31,926 [ERROR] LogOutputStream:74 - [STDERR_REDIRECT] [Fatal Error] :1:1: Premature end of file.
2026-09-23 20:27:31,926 [ERROR] LogOutputStream:74 - [STDERR_REDIRECT] 
2026-09-23 20:27:32,923 [ERROR] LogOutputStream:74 - [STDERR_REDIRECT] [Fatal Error] :1:1: Premature end of file.
2026-09-23 20:27:32,923 [ERROR] LogOutputStream:74 - [STDERR_REDIRECT] 
2026-09-23 20:27:33,923 [ERROR] LogOutputStream:74 - [STDERR_REDIRECT] [Fatal Error] :1:1: Premature end of file.
2026-09-23 20:27:33,923 [ERROR] LogOutputStream:74 - [STDERR_REDIRECT] 
2026-09-23 20:27:34,929 [ERROR] LogOutputStream:74 - [STDERR_REDIRECT] [Fatal Error] :1:1: Premature end of file.
2026-09-23 20:27:34,929 [ERROR] LogOutputStream:74 - [STDERR_REDIRECT] 
2026-09-23 20:27:35,923 [ERROR] LogOutputStream:74 - [STDERR_REDIRECT] [Fatal Error] :1:1: Premature end of file.
2026-09-23 20:27:35,923 [ERROR] LogOutputStream:74 - [STDERR_REDIRECT] 
2026-09-23 20:27:36,925 [ERROR] LogOutputStream:74 - [STDERR_REDIRECT] [Fatal Error] :1:1: Premature end of file.
2026-09-23 20:27:36,925 [ERROR] LogOutputStream:74 - [STDERR_REDIRECT] 
2026-09-23 20:27:37,922 [ERROR] LogOutputStream:74 - [STDERR_REDIRECT] [Fatal Error] :1:1: Premature end of file.
2026-09-23 20:27:37,922 [ERROR] LogOutputStream:74 - [STDERR_REDIRECT] 
2026-09-23 20:27:38,931 [ERROR] LogOutputStream:74 - [STDERR_REDIRECT] [Fatal Error] :1:1: Premature end of file.
2026-09-23 20:27:38,936 [ERROR] LogOutputStream:74 - [STDERR_REDIRECT] 
2026-09-23 20:27:39,922 [ERROR] LogOutputStream:74 - [STDERR_REDIRECT] [Fatal Error] :1:1: Premature end of file.
2026-09-23 20:27:39,922 [ERROR] LogOutputStream:74 - [STDERR_REDIRECT] 
2026-09-23 20:27:40,919 [ERROR] LogOutputStream:74 - [STDERR_REDIRECT] [Fatal Error] :1:1: Premature end of file.
2026-09-23 20:27:40,919 [ERROR] LogOutputStream:74 - [STDERR_REDIRECT] 
2026-09-23 20:27:41,915 [ERROR] LogOutputStream:74 - [STDERR_REDIRECT] [Fatal Error] :1:1: Premature end of file.
2026-09-23 20:27:41,916 [ERROR] LogOutputStream:74 - [STDERR_REDIRECT] 
2026-09-23 20:27:42,923 [ERROR] LogOutputStream:74 - [STDERR_REDIRECT] [Fatal Error] :1:1: Premature end of file.
2026-09-23 20:27:42,923 [ERROR] LogOutputStream:74 - [STDERR_REDIRECT] 
2026-09-23 20:27:43,929 [ERROR] LogOutputStream:74 - [STDERR_REDIRECT] [Fatal Error] :1:1: Premature end of file.
2026-09-23 20:27:43,929 [ERROR] LogOutputStream:74 - [STDERR_REDIRECT] 
2026-09-23 20:27:44,922 [ERROR] LogOutputStream:74 - [STDERR_REDIRECT] [Fatal Error] :1:1: Premature end of file.
2026-09-23 20:27:44,922 [ERROR] LogOutputStream:74 - [STDERR_REDIRECT] 
2026-09-23 20:27:45,921 [ERROR] LogOutputStream:74 - [STDERR_REDIRECT] [Fatal Error] :1:1: Premature end of file.
2026-09-23 20:27:45,921 [ERROR] LogOutputStream:74 - [STDERR_REDIRECT] 
2026-09-23 20:27:46,980 [ERROR] LogOutputStream:74 - [STDERR_REDIRECT] [Fatal Error] :1:1: Premature end of file.
2026-09-23 20:27:46,981 [ERROR] LogOutputStream:74 - [STDERR_REDIRECT] 
2026-09-23 20:27:47,943 [ERROR] LogOutputStream:74 - [STDERR_REDIRECT] [Fatal Error] :1:1: Premature end of file.
2026-09-23 20:27:47,943 [ERROR] LogOutputStream:74 - [STDERR_REDIRECT] 
2026-09-23 20:27:48,956 [ERROR] LogOutputStream:74 - [STDERR_REDIRECT] [Fatal Error] :1:1: Premature end of file.
2026-09-23 20:27:48,956 [ERROR] LogOutputStream:74 - [STDERR_REDIRECT] 
2026-09-23 20:27:49,921 [ERROR] LogOutputStream:74 - [STDERR_REDIRECT] [Fatal Error] :1:1: Premature end of file.
2026-09-23 20:27:49,921 [ERROR] LogOutputStream:74 - [STDERR_REDIRECT] 
2026-09-23 20:27:50,921 [ERROR] LogOutputStream:74 - [STDERR_REDIRECT] [Fatal Error] :1:1: Premature end of file.
2026-09-23 20:27:50,921 [ERROR] LogOutputStream:74 - [STDERR_REDIRECT] 
2026-09-23 20:27:51,905 [ERROR] LogOutputStream:74 - [STDERR_REDIRECT] [Fatal Error] :1:1: Premature end of file.
2026-09-23 20:27:51,905 [ERROR] LogOutputStream:74 - [STDERR_REDIRECT] 
2026-09-23 20:27:52,923 [ERROR] LogOutputStream:74 - [STDERR_REDIRECT] [Fatal Error] :1:1: Premature end of file.
2026-09-23 20:27:52,923 [ERROR] LogOutputStream:74 - [STDERR_REDIRECT] 
2026-09-23 20:27:53,922 [ERROR] LogOutputStream:74 - [STDERR_REDIRECT] [Fatal Error] :1:1: Premature end of file.
2026-09-23 20:27:53,922 [ERROR] LogOutputStream:74 - [STDERR_REDIRECT] 
2026-09-23 20:27:54,922 [ERROR] LogOutputStream:74 - [STDERR_REDIRECT] [Fatal Error] :1:1: Premature end of file.
2026-09-23 20:27:54,922 [ERROR] LogOutputStream:74 - [STDERR_REDIRECT] 
2026-09-23 20:27:55,940 [ERROR] LogOutputStream:74 - [STDERR_REDIRECT] [Fatal Error] :1:1: Premature end of file.
2026-09-23 20:27:55,940 [ERROR] LogOutputStream:74 - [STDERR_REDIRECT] 
2026-09-23 20:27:56,922 [ERROR] LogOutputStream:74 - [STDERR_REDIRECT] [Fatal Error] :1:1: Premature end of file.
2026-09-23 20:27:56,922 [ERROR] LogOutputStream:74 - [STDERR_REDIRECT] 
2026-09-23 20:27:57,921 [ERROR] LogOutputStream:74 - [STDERR_REDIRECT] [Fatal Error] :1:1: Premature end of file.
2026-09-23 20:27:57,921 [ERROR] LogOutputStream:74 - [STDERR_REDIRECT] 
2026-09-23 20:27:58,918 [ERROR] LogOutputStream:74 - [STDERR_REDIRECT] [Fatal Error] :1:1: Premature end of file.
2026-09-23 20:27:58,918 [ERROR] LogOutputStream:74 - [STDERR_REDIRECT] 
2026-09-23 20:27:59,921 [ERROR] LogOutputStream:74 - [STDERR_REDIRECT] [Fatal Error] :1:1: Premature end of file.
2026-09-23 20:27:59,921 [ERROR] LogOutputStream:74 - [STDERR_REDIRECT] 
2026-09-23 20:28:00,921 [ERROR] LogOutputStream:74 - [STDERR_REDIRECT] [Fatal Error] :1:1: Premature end of file.
2026-09-23 20:28:00,921 [ERROR] LogOutputStream:74 - [STDERR_REDIRECT] 
2026-09-23 20:28:01,921 [ERROR] LogOutputStream:74 - [STDERR_REDIRECT] [Fatal Error] :1:1: Premature end of file.
2026-09-23 20:28:01,921 [ERROR] LogOutputStream:74 - [STDERR_REDIRECT] 
2026-09-23 20:28:02,921 [ERROR] LogOutputStream:74 - [STDERR_REDIRECT] [Fatal Error] :1:1: Premature end of file.
2026-09-23 20:28:02,921 [ERROR] LogOutputStream:74 - [STDERR_REDIRECT] 
2026-09-23 20:28:03,929 [ERROR] LogOutputStream:74 - [STDERR_REDIRECT] [Fatal Error] :1:1: Premature end of file.
2026-09-23 20:28:03,929 [ERROR] LogOutputStream:74 - [STDERR_REDIRECT] 
2026-09-23 20:28:04,921 [ERROR] LogOutputStream:74 - [STDERR_REDIRECT] [Fatal Error] :1:1: Premature end of file.
2026-09-23 20:28:04,921 [ERROR] LogOutputStream:74 - [STDERR_REDIRECT] 
2026-09-23 20:28:05,921 [ERROR] LogOutputStream:74 - [STDERR_REDIRECT] [Fatal Error] :1:1: Premature end of file.
2026-09-23 20:28:05,921 [ERROR] LogOutputStream:74 - [STDERR_REDIRECT] 
2026-09-23 20:28:06,928 [ERROR] LogOutputStream:74 - [STDERR_REDIRECT] [Fatal Error] :1:1: Premature end of file.
2026-09-23 20:28:06,928 [ERROR] LogOutputStream:74 - [STDERR_REDIRECT] 
2026-09-23 20:28:07,921 [ERROR] LogOutputStream:74 - [STDERR_REDIRECT] [Fatal Error] :1:1: Premature end of file.
2026-09-23 20:28:07,921 [ERROR] LogOutputStream:74 - [STDERR_REDIRECT] 
2026-09-23 20:28:08,921 [ERROR] LogOutputStream:74 - [STDERR_REDIRECT] [Fatal Error] :1:1: Premature end of file.
2026-09-23 20:28:08,921 [ERROR] LogOutputStream:74 - [STDERR_REDIRECT] 
2026-09-23 20:28:09,921 [ERROR] LogOutputStream:74 - [STDERR_REDIRECT] [Fatal Error] :1:1: Premature end of file.
2026-09-23 20:28:09,921 [ERROR] LogOutputStream:74 - [STDERR_REDIRECT] 
2026-09-23 20:28:10,920 [ERROR] LogOutputStream:74 - [STDERR_REDIRECT] [Fatal Error] :1:1: Premature end of file.
2026-09-23 20:28:10,920 [ERROR] LogOutputStream:74 - [STDERR_REDIRECT] 
2026-09-23 20:28:11,922 [ERROR] LogOutputStream:74 - [STDERR_REDIRECT] [Fatal Error] :1:1: Premature end of file.
2026-09-23 20:28:11,922 [ERROR] LogOutputStream:74 - [STDERR_REDIRECT] 
2026-09-23 20:28:12,925 [ERROR] LogOutputStream:74 - [STDERR_REDIRECT] [Fatal Error] :1:1: Premature end of file.
2026-09-23 20:28:12,925 [ERROR] LogOutputStream:74 - [STDERR_REDIRECT] 
2026-09-23 20:28:13,920 [ERROR] LogOutputStream:74 - [STDERR_REDIRECT] [Fatal Error] :1:1: Premature end of file.
2026-09-23 20:28:13,920 [ERROR] LogOutputStream:74 - [STDERR_REDIRECT] 
2026-09-23 20:28:14,929 [ERROR] LogOutputStream:74 - [STDERR_REDIRECT] [Fatal Error] :1:1: Premature end of file.
2026-09-23 20:28:14,929 [ERROR] LogOutputStream:74 - [STDERR_REDIRECT] 
2026-09-23 20:28:15,920 [ERROR] LogOutputStream:74 - [STDERR_REDIRECT] [Fatal Error] :1:1: Premature end of file.
2026-09-23 20:28:15,920 [ERROR] LogOutputStream:74 - [STDERR_REDIRECT] 
2026-09-23 20:28:16,920 [ERROR] LogOutputStream:74 - [STDERR_REDIRECT] [Fatal Error] :1:1: Premature end of file.
2026-09-23 20:28:16,920 [ERROR] LogOutputStream:74 - [STDERR_REDIRECT] 
2026-09-23 20:28:17,920 [ERROR] LogOutputStream:74 - [STDERR_REDIRECT] [Fatal Error] :1:1: Premature end of file.
2026-09-23 20:28:17,920 [ERROR] LogOutputStream:74 - [STDERR_REDIRECT] 
2026-09-23 20:28:18,920 [ERROR] LogOutputStream:74 - [STDERR_REDIRECT] [Fatal Error] :1:1: Premature end of file.
2026-09-23 20:28:18,920 [ERROR] LogOutputStream:74 - [STDERR_REDIRECT] 
2026-09-23 20:28:19,920 [ERROR] LogOutputStream:74 - [STDERR_REDIRECT] [Fatal Error] :1:1: Premature end of file.
2026-09-23 20:28:19,920 [ERROR] LogOutputStream:74 - [STDERR_REDIRECT] 
2026-09-23 20:28:20,920 [ERROR] LogOutputStream:74 - [STDERR_REDIRECT] [Fatal Error] :1:1: Premature end of file.
2026-09-23 20:28:20,920 [ERROR] LogOutputStream:74 - [STDERR_REDIRECT] 
2026-09-23 20:28:21,922 [ERROR] LogOutputStream:74 - [STDERR_REDIRECT] [Fatal Error] :1:1: Premature end of file.
2026-09-23 20:28:21,922 [ERROR] LogOutputStream:74 - [STDERR_REDIRECT] 
2026-09-23 20:28:22,920 [ERROR] LogOutputStream:74 - [STDERR_REDIRECT] [Fatal Error] :1:1: Premature end of file.
2026-09-23 20:28:22,920 [ERROR] LogOutputStream:74 - [STDERR_REDIRECT] 
2026-09-23 20:28:23,922 [ERROR] LogOutputStream:74 - [STDERR_REDIRECT] [Fatal Error] :1:1: Premature end of file.
2026-09-23 20:28:23,922 [ERROR] LogOutputStream:74 - [STDERR_REDIRECT] 
2026-09-23 20:28:24,920 [ERROR] LogOutputStream:74 - [STDERR_REDIRECT] [Fatal Error] :1:1: Premature end of file.
2026-09-23 20:28:24,920 [ERROR] LogOutputStream:74 - [STDERR_REDIRECT] 
2026-09-23 20:28:25,919 [ERROR] LogOutputStream:74 - [STDERR_REDIRECT] [Fatal Error] :1:1: Premature end of file.
2026-09-23 20:28:25,919 [ERROR] LogOutputStream:74 - [STDERR_REDIRECT] 
2026-09-23 20:28:26,923 [ERROR] LogOutputStream:74 - [STDERR_REDIRECT] [Fatal Error] :1:1: Premature end of file.
2026-09-23 20:28:26,923 [ERROR] LogOutputStream:74 - [STDERR_REDIRECT] 
2026-09-23 20:28:27,919 [ERROR] LogOutputStream:74 - [STDERR_REDIRECT] [Fatal Error] :1:1: Premature end of file.
2026-09-23 20:28:27,919 [ERROR] LogOutputStream:74 - [STDERR_REDIRECT] 
2026-09-23 20:28:28,928 [ERROR] LogOutputStream:74 - [STDERR_REDIRECT] [Fatal Error] :1:1: Premature end of file.
2026-09-23 20:28:28,928 [ERROR] LogOutputStream:74 - [STDERR_REDIRECT] 
2026-09-23 20:28:29,926 [ERROR] LogOutputStream:74 - [STDERR_REDIRECT] [Fatal Error] :1:1: Premature end of file.
2026-09-23 20:28:29,926 [ERROR] LogOutputStream:74 - [STDERR_REDIRECT] 
2026-09-23 20:28:30,919 [ERROR] LogOutputStream:74 - [STDERR_REDIRECT] [Fatal Error] :1:1: Premature end of file.
2026-09-23 20:28:30,919 [ERROR] LogOutputStream:74 - [STDERR_REDIRECT] 
2026-09-23 20:28:31,922 [ERROR] LogOutputStream:74 - [STDERR_REDIRECT] [Fatal Error] :1:1: Premature end of file.
2026-09-23 20:28:31,922 [ERROR] LogOutputStream:74 - [STDERR_REDIRECT] 
2026-09-23 20:28:32,914 [ERROR] LogOutputStream:74 - [STDERR_REDIRECT] [Fatal Error] :1:1: Premature end of file.
2026-09-23 20:28:32,914 [ERROR] LogOutputStream:74 - [STDERR_REDIRECT] 
2026-09-23 20:28:33,919 [ERROR] LogOutputStream:74 - [STDERR_REDIRECT] [Fatal Error] :1:1: Premature end of file.
2026-09-23 20:28:33,919 [ERROR] LogOutputStream:74 - [STDERR_REDIRECT] 
2026-09-23 20:28:34,919 [ERROR] LogOutputStream:74 - [STDERR_REDIRECT] [Fatal Error] :1:1: Premature end of file.
2026-09-23 20:28:34,919 [ERROR] LogOutputStream:74 - [STDERR_REDIRECT] 
2026-09-23 20:28:35,919 [ERROR] LogOutputStream:74 - [STDERR_REDIRECT] [Fatal Error] :1:1: Premature end of file.
2026-09-23 20:28:35,919 [ERROR] LogOutputStream:74 - [STDERR_REDIRECT] 
2026-09-23 20:28:36,919 [ERROR] LogOutputStream:74 - [STDERR_REDIRECT] [Fatal Error] :1:1: Premature end of file.
2026-09-23 20:28:36,919 [ERROR] LogOutputStream:74 - [STDERR_REDIRECT] 
2026-09-23 20:28:37,919 [ERROR] LogOutputStream:74 - [STDERR_REDIRECT] [Fatal Error] :1:1: Premature end of file.
2026-09-23 20:28:37,919 [ERROR] LogOutputStream:74 - [STDERR_REDIRECT] 
2026-09-23 20:28:38,919 [ERROR] LogOutputStream:74 - [STDERR_REDIRECT] [Fatal Error] :1:1: Premature end of file.
2026-09-23 20:28:38,919 [ERROR] LogOutputStream:74 - [STDERR_REDIRECT] 
2026-09-23 20:28:39,919 [ERROR] LogOutputStream:74 - [STDERR_REDIRECT] [Fatal Error] :1:1: Premature end of file.
2026-09-23 20:28:39,919 [ERROR] LogOutputStream:74 - [STDERR_REDIRECT] 
2026-09-23 20:28:40,925 [ERROR] LogOutputStream:74 - [STDERR_REDIRECT] [Fatal Error] :1:1: Premature end of file.
2026-09-23 20:28:40,925 [ERROR] LogOutputStream:74 - [STDERR_REDIRECT] 
2026-09-23 20:28:41,919 [ERROR] LogOutputStream:74 - [STDERR_REDIRECT] [Fatal Error] :1:1: Premature end of file.
2026-09-23 20:28:41,919 [ERROR] LogOutputStream:74 - [STDERR_REDIRECT] 
2026-09-23 20:28:42,925 [ERROR] LogOutputStream:74 - [STDERR_REDIRECT] [Fatal Error] :1:1: Premature end of file.
2026-09-23 20:28:42,925 [ERROR] LogOutputStream:74 - [STDERR_REDIRECT] 
2026-09-23 20:28:43,907 [ERROR] LogOutputStream:74 - [STDERR_REDIRECT] [Fatal Error] :1:1: Premature end of file.
2026-09-23 20:28:43,918 [ERROR] LogOutputStream:74 - [STDERR_REDIRECT] 
2026-09-23 20:28:44,916 [ERROR] LogOutputStream:74 - [STDERR_REDIRECT] [Fatal Error] :1:1: Premature end of file.
2026-09-23 20:28:44,916 [ERROR] LogOutputStream:74 - [STDERR_REDIRECT] 
2026-09-23 20:28:45,918 [ERROR] LogOutputStream:74 - [STDERR_REDIRECT] [Fatal Error] :1:1: Premature end of file.
2026-09-23 20:28:45,918 [ERROR] LogOutputStream:74 - [STDERR_REDIRECT] 
2026-09-23 20:28:46,901 [ERROR] LogOutputStream:74 - [STDERR_REDIRECT] [Fatal Error] :1:1: Premature end of file.
2026-09-23 20:28:46,901 [ERROR] LogOutputStream:74 - [STDERR_REDIRECT] 
2026-09-23 20:28:47,922 [ERROR] LogOutputStream:74 - [STDERR_REDIRECT] [Fatal Error] :1:1: Premature end of file.
2026-09-23 20:28:47,922 [ERROR] LogOutputStream:74 - [STDERR_REDIRECT] 
2026-09-23 20:28:48,924 [ERROR] LogOutputStream:74 - [STDERR_REDIRECT] [Fatal Error] :1:1: Premature end of file.
2026-09-23 20:28:48,924 [ERROR] LogOutputStream:74 - [STDERR_REDIRECT] 
2026-09-23 20:28:49,923 [ERROR] LogOutputStream:74 - [STDERR_REDIRECT] [Fatal Error] :1:1: Premature end of file.
2026-09-23 20:28:49,923 [ERROR] LogOutputStream:74 - [STDERR_REDIRECT] 
2026-09-23 20:28:50,918 [ERROR] LogOutputStream:74 - [STDERR_REDIRECT] [Fatal Error] :1:1: Premature end of file.
2026-09-23 20:28:50,918 [ERROR] LogOutputStream:74 - [STDERR_REDIRECT] 
2026-09-23 20:28:51,918 [ERROR] LogOutputStream:74 - [STDERR_REDIRECT] [Fatal Error] :1:1: Premature end of file.
2026-09-23 20:28:51,918 [ERROR] LogOutputStream:74 - [STDERR_REDIRECT] 
2026-09-23 20:28:52,930 [ERROR] LogOutputStream:74 - [STDERR_REDIRECT] [Fatal Error] :1:1: Premature end of file.
2026-09-23 20:28:52,931 [ERROR] LogOutputStream:74 - [STDERR_REDIRECT] 
2026-09-23 20:28:53,914 [ERROR] LogOutputStream:74 - [STDERR_REDIRECT] [Fatal Error] :1:1: Premature end of file.
2026-09-23 20:28:53,914 [ERROR] LogOutputStream:74 - [STDERR_REDIRECT] 
2026-09-23 20:28:54,912 [ERROR] LogOutputStream:74 - [STDERR_REDIRECT] [Fatal Error] :1:1: Premature end of file.
2026-09-23 20:28:54,912 [ERROR] LogOutputStream:74 - [STDERR_REDIRECT] 
2026-09-23 20:28:55,919 [ERROR] LogOutputStream:74 - [STDERR_REDIRECT] [Fatal Error] :1:1: Premature end of file.
2026-09-23 20:28:55,919 [ERROR] LogOutputStream:74 - [STDERR_REDIRECT] 
2026-09-23 20:28:56,914 [ERROR] LogOutputStream:74 - [STDERR_REDIRECT] [Fatal Error] :1:1: Premature end of file.
2026-09-23 20:28:56,914 [ERROR] LogOutputStream:74 - [STDERR_REDIRECT] 
2026-09-23 20:28:57,914 [ERROR] LogOutputStream:74 - [STDERR_REDIRECT] [Fatal Error] :1:1: Premature end of file.
2026-09-23 20:28:57,914 [ERROR] LogOutputStream:74 - [STDERR_REDIRECT] 
2026-09-23 20:28:58,922 [ERROR] LogOutputStream:74 - [STDERR_REDIRECT] [Fatal Error] :1:1: Premature end of file.
2026-09-23 20:28:58,922 [ERROR] LogOutputStream:74 - [STDERR_REDIRECT] 
2026-09-23 20:28:59,916 [ERROR] LogOutputStream:74 - [STDERR_REDIRECT] [Fatal Error] :1:1: Premature end of file.
2026-09-23 20:28:59,916 [ERROR] LogOutputStream:74 - [STDERR_REDIRECT] 
2026-09-23 20:29:00,923 [ERROR] LogOutputStream:74 - [STDERR_REDIRECT] [Fatal Error] :1:1: Premature end of file.
2026-09-23 20:29:00,923 [ERROR] LogOutputStream:74 - [STDERR_REDIRECT] 
2026-09-23 20:29:01,919 [ERROR] LogOutputStream:74 - [STDERR_REDIRECT] [Fatal Error] :1:1: Premature end of file.
2026-09-23 20:29:01,919 [ERROR] LogOutputStream:74 - [STDERR_REDIRECT] 
2026-09-23 20:29:02,912 [ERROR] LogOutputStream:74 - [STDERR_REDIRECT] [Fatal Error] :1:1: Premature end of file.
2026-09-23 20:29:02,912 [ERROR] LogOutputStream:74 - [STDERR_REDIRECT] 
2026-09-23 20:29:03,922 [ERROR] LogOutputStream:74 - [STDERR_REDIRECT] [Fatal Error] :1:1: Premature end of file.
2026-09-23 20:29:03,922 [ERROR] LogOutputStream:74 - [STDERR_REDIRECT] 
2026-09-23 20:29:04,931 [ERROR] LogOutputStream:74 - [STDERR_REDIRECT] [Fatal Error] :1:1: Premature end of file.
2026-09-23 20:29:04,933 [ERROR] LogOutputStream:74 - [STDERR_REDIRECT] 
2026-09-23 20:29:05,923 [ERROR] LogOutputStream:74 - [STDERR_REDIRECT] [Fatal Error] :1:1: Premature end of file.
2026-09-23 20:29:05,923 [ERROR] LogOutputStream:74 - [STDERR_REDIRECT] 
2026-09-23 20:29:06,922 [ERROR] LogOutputStream:74 - [STDERR_REDIRECT] [Fatal Error] :1:1: Premature end of file.
2026-09-23 20:29:06,922 [ERROR] LogOutputStream:74 - [STDERR_REDIRECT] 
2026-09-23 20:29:07,917 [ERROR] LogOutputStream:74 - [STDERR_REDIRECT] [Fatal Error] :1:1: Premature end of file.
2026-09-23 20:29:07,917 [ERROR] LogOutputStream:74 - [STDERR_REDIRECT] 
2026-09-23 20:29:08,914 [ERROR] LogOutputStream:74 - [STDERR_REDIRECT] [Fatal Error] :1:1: Premature end of file.
2026-09-23 20:29:08,914 [ERROR] LogOutputStream:74 - [STDERR_REDIRECT] 
2026-09-23 20:29:09,927 [ERROR] LogOutputStream:74 - [STDERR_REDIRECT] [Fatal Error] :1:1: Premature end of file.
2026-09-23 20:29:09,927 [ERROR] LogOutputStream:74 - [STDERR_REDIRECT] 
2026-09-23 20:29:10,922 [ERROR] LogOutputStream:74 - [STDERR_REDIRECT] [Fatal Error] :1:1: Premature end of file.
2026-09-23 20:29:10,922 [ERROR] LogOutputStream:74 - [STDERR_REDIRECT] 
2026-09-23 20:29:11,904 [ERROR] LogOutputStream:74 - [STDERR_REDIRECT] [Fatal Error] :1:1: Premature end of file.
2026-09-23 20:29:11,904 [ERROR] LogOutputStream:74 - [STDERR_REDIRECT] 
2026-09-23 20:29:12,916 [ERROR] LogOutputStream:74 - [STDERR_REDIRECT] [Fatal Error] :1:1: Premature end of file.
2026-09-23 20:29:12,921 [ERROR] LogOutputStream:74 - [STDERR_REDIRECT] 
2026-09-23 20:29:13,913 [ERROR] LogOutputStream:74 - [STDERR_REDIRECT] [Fatal Error] :1:1: Premature end of file.
2026-09-23 20:29:13,918 [ERROR] LogOutputStream:74 - [STDERR_REDIRECT] 
2026-09-23 20:29:14,927 [ERROR] LogOutputStream:74 - [STDERR_REDIRECT] [Fatal Error] :1:1: Premature end of file.
2026-09-23 20:29:14,927 [ERROR] LogOutputStream:74 - [STDERR_REDIRECT] 
2026-09-23 20:29:15,922 [ERROR] LogOutputStream:74 - [STDERR_REDIRECT] [Fatal Error] :1:1: Premature end of file.
2026-09-23 20:29:15,922 [ERROR] LogOutputStream:74 - [STDERR_REDIRECT] 
2026-09-23 20:29:16,920 [ERROR] LogOutputStream:74 - [STDERR_REDIRECT] [Fatal Error] :1:1: Premature end of file.
2026-09-23 20:29:16,920 [ERROR] LogOutputStream:74 - [STDERR_REDIRECT] 
2026-09-23 20:29:17,911 [ERROR] LogOutputStream:74 - [STDERR_REDIRECT] [Fatal Error] :1:1: Premature end of file.
2026-09-23 20:29:17,911 [ERROR] LogOutputStream:74 - [STDERR_REDIRECT] 
2026-09-23 20:29:18,923 [ERROR] LogOutputStream:74 - [STDERR_REDIRECT] [Fatal Error] :1:1: Premature end of file.
2026-09-23 20:29:18,923 [ERROR] LogOutputStream:74 - [STDERR_REDIRECT] 
2026-09-23 20:29:19,920 [ERROR] LogOutputStream:74 - [STDERR_REDIRECT] [Fatal Error] :1:1: Premature end of file.
2026-09-23 20:29:19,920 [ERROR] LogOutputStream:74 - [STDERR_REDIRECT] 
2026-09-23 20:29:20,919 [ERROR] LogOutputStream:74 - [STDERR_REDIRECT] [Fatal Error] :1:1: Premature end of file.
2026-09-23 20:29:20,919 [ERROR] LogOutputStream:74 - [STDERR_REDIRECT] 
2026-09-23 20:29:21,914 [ERROR] LogOutputStream:74 - [STDERR_REDIRECT] [Fatal Error] :1:1: Premature end of file.
2026-09-23 20:29:21,914 [ERROR] LogOutputStream:74 - [STDERR_REDIRECT] 
2026-09-23 20:29:22,911 [ERROR] LogOutputStream:74 - [STDERR_REDIRECT] [Fatal Error] :1:1: Premature end of file.
2026-09-23 20:29:22,911 [ERROR] LogOutputStream:74 - [STDERR_REDIRECT] 
2026-09-23 20:29:23,918 [ERROR] LogOutputStream:74 - [STDERR_REDIRECT] [Fatal Error] :1:1: Premature end of file.
2026-09-23 20:29:23,918 [ERROR] LogOutputStream:74 - [STDERR_REDIRECT] 
2026-09-23 20:29:24,923 [ERROR] LogOutputStream:74 - [STDERR_REDIRECT] [Fatal Error] :1:1: Premature end of file.
2026-09-23 20:29:24,923 [ERROR] LogOutputStream:74 - [STDERR_REDIRECT] 
2026-09-23 20:29:25,916 [ERROR] LogOutputStream:74 - [STDERR_REDIRECT] [Fatal Error] :1:1: Premature end of file.
2026-09-23 20:29:25,916 [ERROR] LogOutputStream:74 - [STDERR_REDIRECT] 
2026-09-23 20:29:26,913 [ERROR] LogOutputStream:74 - [STDERR_REDIRECT] [Fatal Error] :1:1: Premature end of file.
2026-09-23 20:29:26,913 [ERROR] LogOutputStream:74 - [STDERR_REDIRECT] 
2026-09-23 20:29:27,912 [ERROR] LogOutputStream:74 - [STDERR_REDIRECT] [Fatal Error] :1:1: Premature end of file.
2026-09-23 20:29:27,912 [ERROR] LogOutputStream:74 - [STDERR_REDIRECT] 
2026-09-23 20:29:28,925 [ERROR] LogOutputStream:74 - [STDERR_REDIRECT] [Fatal Error] :1:1: Premature end of file.
2026-09-23 20:29:28,925 [ERROR] LogOutputStream:74 - [STDERR_REDIRECT] 
2026-09-23 20:29:29,921 [ERROR] LogOutputStream:74 - [STDERR_REDIRECT] [Fatal Error] :1:1: Premature end of file.
2026-09-23 20:29:29,921 [ERROR] LogOutputStream:74 - [STDERR_REDIRECT] 
2026-09-23 20:29:30,916 [ERROR] LogOutputStream:74 - [STDERR_REDIRECT] [Fatal Error] :1:1: Premature end of file.
2026-09-23 20:29:30,916 [ERROR] LogOutputStream:74 - [STDERR_REDIRECT] 
2026-09-23 20:29:31,927 [ERROR] LogOutputStream:74 - [STDERR_REDIRECT] [Fatal Error] :1:1: Premature end of file.
2026-09-23 20:29:31,927 [ERROR] LogOutputStream:74 - [STDERR_REDIRECT] 
2026-09-23 20:29:32,922 [ERROR] LogOutputStream:74 - [STDERR_REDIRECT] [Fatal Error] :1:1: Premature end of file.
2026-09-23 20:29:32,922 [ERROR] LogOutputStream:74 - [STDERR_REDIRECT] 
2026-09-23 20:29:33,914 [ERROR] LogOutputStream:74 - [STDERR_REDIRECT] [Fatal Error] :1:1: Premature end of file.
2026-09-23 20:29:33,914 [ERROR] LogOutputStream:74 - [STDERR_REDIRECT] 
2026-09-23 20:29:34,931 [ERROR] LogOutputStream:74 - [STDERR_REDIRECT] [Fatal Error] :1:1: Premature end of file.
2026-09-23 20:29:34,931 [ERROR] LogOutputStream:74 - [STDERR_REDIRECT] 
2026-09-23 20:29:35,919 [ERROR] LogOutputStream:74 - [STDERR_REDIRECT] [Fatal Error] :1:1: Premature end of file.
2026-09-23 20:29:35,919 [ERROR] LogOutputStream:74 - [STDERR_REDIRECT] 
2026-09-23 20:29:36,909 [ERROR] LogOutputStream:74 - [STDERR_REDIRECT] [Fatal Error] :1:1: Premature end of file.
2026-09-23 20:29:36,909 [ERROR] LogOutputStream:74 - [STDERR_REDIRECT] 
2026-09-23 20:29:37,911 [ERROR] LogOutputStream:74 - [STDERR_REDIRECT] [Fatal Error] :1:1: Premature end of file.
2026-09-23 20:29:37,916 [ERROR] LogOutputStream:74 - [STDERR_REDIRECT] 
2026-09-23 20:29:38,915 [ERROR] LogOutputStream:74 - [STDERR_REDIRECT] [Fatal Error] :1:1: Premature end of file.
2026-09-23 20:29:38,915 [ERROR] LogOutputStream:74 - [STDERR_REDIRECT] 
2026-09-23 20:29:39,923 [ERROR] LogOutputStream:74 - [STDERR_REDIRECT] [Fatal Error] :1:1: Premature end of file.
2026-09-23 20:29:39,923 [ERROR] LogOutputStream:74 - [STDERR_REDIRECT] 
2026-09-23 20:29:40,930 [ERROR] LogOutputStream:74 - [STDERR_REDIRECT] [Fatal Error] :1:1: Premature end of file.
2026-09-23 20:29:40,930 [ERROR] LogOutputStream:74 - [STDERR_REDIRECT] 
2026-09-23 20:29:41,925 [ERROR] LogOutputStream:74 - [STDERR_REDIRECT] [Fatal Error] :1:1: Premature end of file.
2026-09-23 20:29:41,929 [ERROR] LogOutputStream:74 - [STDERR_REDIRECT] 
2026-09-23 20:29:42,972 [ERROR] LogOutputStream:74 - [STDERR_REDIRECT] [Fatal Error] :1:1: Premature end of file.
2026-09-23 20:29:42,974 [ERROR] LogOutputStream:74 - [STDERR_REDIRECT] 
2026-09-23 20:29:43,952 [ERROR] LogOutputStream:74 - [STDERR_REDIRECT] [Fatal Error] :1:1: Premature end of file.
2026-09-23 20:29:43,952 [ERROR] LogOutputStream:74 - [STDERR_REDIRECT] 
2026-09-23 20:29:44,938 [ERROR] LogOutputStream:74 - [STDERR_REDIRECT] [Fatal Error] :1:1: Premature end of file.
2026-09-23 20:29:44,938 [ERROR] LogOutputStream:74 - [STDERR_REDIRECT] 
2026-09-23 20:29:45,915 [ERROR] LogOutputStream:74 - [STDERR_REDIRECT] [Fatal Error] :1:1: Premature end of file.
2026-09-23 20:29:45,915 [ERROR] LogOutputStream:74 - [STDERR_REDIRECT] 
2026-09-23 20:29:46,975 [ERROR] LogOutputStream:74 - [STDERR_REDIRECT] [Fatal Error] :1:1: Premature end of file.
2026-09-23 20:29:46,976 [ERROR] LogOutputStream:74 - [STDERR_REDIRECT] 
2026-09-23 20:29:47,917 [ERROR] LogOutputStream:74 - [STDERR_REDIRECT] [Fatal Error] :1:1: Premature end of file.
2026-09-23 20:29:47,917 [ERROR] LogOutputStream:74 - [STDERR_REDIRECT] 
2026-09-23 20:29:48,920 [ERROR] LogOutputStream:74 - [STDERR_REDIRECT] [Fatal Error] :1:1: Premature end of file.
2026-09-23 20:29:48,920 [ERROR] LogOutputStream:74 - [STDERR_REDIRECT] 
2026-09-23 20:29:49,921 [ERROR] LogOutputStream:74 - [STDERR_REDIRECT] [Fatal Error] :1:1: Premature end of file.
2026-09-23 20:29:49,928 [ERROR] LogOutputStream:74 - [STDERR_REDIRECT] 
2026-09-23 20:29:50,918 [ERROR] LogOutputStream:74 - [STDERR_REDIRECT] [Fatal Error] :1:1: Premature end of file.
2026-09-23 20:29:50,918 [ERROR] LogOutputStream:74 - [STDERR_REDIRECT] 
2026-09-23 20:29:51,915 [ERROR] LogOutputStream:74 - [STDERR_REDIRECT] [Fatal Error] :1:1: Premature end of file.
2026-09-23 20:29:51,915 [ERROR] LogOutputStream:74 - [STDERR_REDIRECT] 
2026-09-23 20:29:52,914 [ERROR] LogOutputStream:74 - [STDERR_REDIRECT] [Fatal Error] :1:1: Premature end of file.
2026-09-23 20:29:52,914 [ERROR] LogOutputStream:74 - [STDERR_REDIRECT] 
2026-09-23 20:29:53,918 [ERROR] LogOutputStream:74 - [STDERR_REDIRECT] [Fatal Error] :1:1: Premature end of file.
2026-09-23 20:29:53,918 [ERROR] LogOutputStream:74 - [STDERR_REDIRECT] 
2026-09-23 20:29:54,914 [ERROR] LogOutputStream:74 - [STDERR_REDIRECT] [Fatal Error] :1:1: Premature end of file.
2026-09-23 20:29:54,914 [ERROR] LogOutputStream:74 - [STDERR_REDIRECT] 
2026-09-23 20:29:55,914 [ERROR] LogOutputStream:74 - [STDERR_REDIRECT] [Fatal Error] :1:1: Premature end of file.
2026-09-23 20:29:55,914 [ERROR] LogOutputStream:74 - [STDERR_REDIRECT] 
2026-09-23 20:29:56,914 [ERROR] LogOutputStream:74 - [STDERR_REDIRECT] [Fatal Error] :1:1: Premature end of file.
2026-09-23 20:29:56,914 [ERROR] LogOutputStream:74 - [STDERR_REDIRECT] 
2026-09-23 20:29:57,916 [ERROR] LogOutputStream:74 - [STDERR_REDIRECT] [Fatal Error] :1:1: Premature end of file.
2026-09-23 20:29:57,916 [ERROR] LogOutputStream:74 - [STDERR_REDIRECT] 
2026-09-23 20:29:58,912 [ERROR] LogOutputStream:74 - [STDERR_REDIRECT] [Fatal Error] :1:1: Premature end of file.
2026-09-23 20:29:58,912 [ERROR] LogOutputStream:74 - [STDERR_REDIRECT] 
2026-09-23 20:29:59,919 [ERROR] LogOutputStream:74 - [STDERR_REDIRECT] [Fatal Error] :1:1: Premature end of file.
2026-09-23 20:29:59,919 [ERROR] LogOutputStream:74 - [STDERR_REDIRECT] 
2026-09-23 20:30:00,914 [ERROR] LogOutputStream:74 - [STDERR_REDIRECT] [Fatal Error] :1:1: Premature end of file.
2026-09-23 20:30:00,914 [ERROR] LogOutputStream:74 - [STDERR_REDIRECT] 
2026-09-23 20:30:01,930 [ERROR] LogOutputStream:74 - [STDERR_REDIRECT] [Fatal Error] :1:1: Premature end of file.
2026-09-23 20:30:01,930 [ERROR] LogOutputStream:74 - [STDERR_REDIRECT] 
2026-09-23 20:30:02,913 [ERROR] LogOutputStream:74 - [STDERR_REDIRECT] [Fatal Error] :1:1: Premature end of file.
2026-09-23 20:30:02,913 [ERROR] LogOutputStream:74 - [STDERR_REDIRECT] 
2026-09-23 20:30:03,919 [ERROR] LogOutputStream:74 - [STDERR_REDIRECT] [Fatal Error] :1:1: Premature end of file.
2026-09-23 20:30:03,922 [ERROR] LogOutputStream:74 - [STDERR_REDIRECT] 
2026-09-23 20:30:04,913 [ERROR] LogOutputStream:74 - [STDERR_REDIRECT] [Fatal Error] :1:1: Premature end of file.
2026-09-23 20:30:04,921 [ERROR] LogOutputStream:74 - [STDERR_REDIRECT] 
2026-09-23 20:30:05,935 [ERROR] LogOutputStream:74 - [STDERR_REDIRECT] [Fatal Error] :1:1: Premature end of file.
2026-09-23 20:30:05,935 [ERROR] LogOutputStream:74 - [STDERR_REDIRECT] 
2026-09-23 20:30:06,913 [ERROR] LogOutputStream:74 - [STDERR_REDIRECT] [Fatal Error] :1:1: Premature end of file.
2026-09-23 20:30:06,913 [ERROR] LogOutputStream:74 - [STDERR_REDIRECT] 
2026-09-23 20:30:07,913 [ERROR] LogOutputStream:74 - [STDERR_REDIRECT] [Fatal Error] :1:1: Premature end of file.
2026-09-23 20:30:07,913 [ERROR] LogOutputStream:74 - [STDERR_REDIRECT] 
2026-09-23 20:30:08,912 [ERROR] LogOutputStream:74 - [STDERR_REDIRECT] [Fatal Error] :1:1: Premature end of file.
2026-09-23 20:30:08,912 [ERROR] LogOutputStream:74 - [STDERR_REDIRECT] 
2026-09-23 20:30:09,922 [ERROR] LogOutputStream:74 - [STDERR_REDIRECT] [Fatal Error] :1:1: Premature end of file.
2026-09-23 20:30:09,922 [ERROR] LogOutputStream:74 - [STDERR_REDIRECT] 
2026-09-23 20:30:10,918 [ERROR] LogOutputStream:74 - [STDERR_REDIRECT] [Fatal Error] :1:1: Premature end of file.
2026-09-23 20:30:10,918 [ERROR] LogOutputStream:74 - [STDERR_REDIRECT] 
2026-09-23 20:30:11,914 [ERROR] LogOutputStream:74 - [STDERR_REDIRECT] [Fatal Error] :1:1: Premature end of file.
2026-09-23 20:30:11,914 [ERROR] LogOutputStream:74 - [STDERR_REDIRECT] 
2026-09-23 20:30:12,911 [ERROR] LogOutputStream:74 - [STDERR_REDIRECT] [Fatal Error] :1:1: Premature end of file.
2026-09-23 20:30:12,911 [ERROR] LogOutputStream:74 - [STDERR_REDIRECT] 
2026-09-23 20:30:13,923 [ERROR] LogOutputStream:74 - [STDERR_REDIRECT] [Fatal Error] :1:1: Premature end of file.
2026-09-23 20:30:13,923 [ERROR] LogOutputStream:74 - [STDERR_REDIRECT] 
2026-09-23 20:30:14,924 [ERROR] LogOutputStream:74 - [STDERR_REDIRECT] [Fatal Error] :1:1: Premature end of file.
2026-09-23 20:30:14,924 [ERROR] LogOutputStream:74 - [STDERR_REDIRECT] 
2026-09-23 20:30:15,918 [ERROR] LogOutputStream:74 - [STDERR_REDIRECT] [Fatal Error] :1:1: Premature end of file.
2026-09-23 20:30:15,918 [ERROR] LogOutputStream:74 - [STDERR_REDIRECT] 
2026-09-23 20:30:16,918 [ERROR] LogOutputStream:74 - [STDERR_REDIRECT] [Fatal Error] :1:1: Premature end of file.
2026-09-23 20:30:16,918 [ERROR] LogOutputStream:74 - [STDERR_REDIRECT] 
2026-09-23 20:30:17,927 [ERROR] LogOutputStream:74 - [STDERR_REDIRECT] [Fatal Error] :1:1: Premature end of file.
2026-09-23 20:30:17,927 [ERROR] LogOutputStream:74 - [STDERR_REDIRECT] 
2026-09-23 20:30:18,924 [ERROR] LogOutputStream:74 - [STDERR_REDIRECT] [Fatal Error] :1:1: Premature end of file.
2026-09-23 20:30:18,924 [ERROR] LogOutputStream:74 - [STDERR_REDIRECT] 
2026-09-23 20:30:19,919 [ERROR] LogOutputStream:74 - [STDERR_REDIRECT] [Fatal Error] :1:1: Premature end of file.
2026-09-23 20:30:19,919 [ERROR] LogOutputStream:74 - [STDERR_REDIRECT] 
2026-09-23 20:30:20,917 [ERROR] LogOutputStream:74 - [STDERR_REDIRECT] [Fatal Error] :1:1: Premature end of file.
2026-09-23 20:30:20,917 [ERROR] LogOutputStream:74 - [STDERR_REDIRECT] 
2026-09-23 20:30:21,913 [ERROR] LogOutputStream:74 - [STDERR_REDIRECT] [Fatal Error] :1:1: Premature end of file.
2026-09-23 20:30:21,913 [ERROR] LogOutputStream:74 - [STDERR_REDIRECT] 
2026-09-23 20:30:22,926 [ERROR] LogOutputStream:74 - [STDERR_REDIRECT] [Fatal Error] :1:1: Premature end of file.
2026-09-23 20:30:22,926 [ERROR] LogOutputStream:74 - [STDERR_REDIRECT] 
2026-09-23 20:30:23,922 [ERROR] LogOutputStream:74 - [STDERR_REDIRECT] [Fatal Error] :1:1: Premature end of file.
2026-09-23 20:30:23,922 [ERROR] LogOutputStream:74 - [STDERR_REDIRECT] 
2026-09-23 20:30:24,920 [ERROR] LogOutputStream:74 - [STDERR_REDIRECT] [Fatal Error] :1:1: Premature end of file.
2026-09-23 20:30:24,920 [ERROR] LogOutputStream:74 - [STDERR_REDIRECT] 
2026-09-23 20:30:25,924 [ERROR] LogOutputStream:74 - [STDERR_REDIRECT] [Fatal Error] :1:1: Premature end of file.
2026-09-23 20:30:25,924 [ERROR] LogOutputStream:74 - [STDERR_REDIRECT] 
2026-09-23 20:30:26,914 [ERROR] LogOutputStream:74 - [STDERR_REDIRECT] [Fatal Error] :1:1: Premature end of file.
2026-09-23 20:30:26,914 [ERROR] LogOutputStream:74 - [STDERR_REDIRECT] 
2026-09-23 20:30:27,918 [ERROR] LogOutputStream:74 - [STDERR_REDIRECT] [Fatal Error] :1:1: Premature end of file.
2026-09-23 20:30:27,918 [ERROR] LogOutputStream:74 - [STDERR_REDIRECT] 
2026-09-23 20:30:28,939 [ERROR] LogOutputStream:74 - [STDERR_REDIRECT] [Fatal Error] :1:1: Premature end of file.
2026-09-23 20:30:28,939 [ERROR] LogOutputStream:74 - [STDERR_REDIRECT] 
2026-09-23 20:30:29,916 [ERROR] LogOutputStream:74 - [STDERR_REDIRECT] [Fatal Error] :1:1: Premature end of file.
2026-09-23 20:30:29,916 [ERROR] LogOutputStream:74 - [STDERR_REDIRECT] 
2026-09-23 20:30:30,923 [ERROR] LogOutputStream:74 - [STDERR_REDIRECT] [Fatal Error] :1:1: Premature end of file.
2026-09-23 20:30:30,923 [ERROR] LogOutputStream:74 - [STDERR_REDIRECT] 
2026-09-23 20:30:31,922 [ERROR] LogOutputStream:74 - [STDERR_REDIRECT] [Fatal Error] :1:1: Premature end of file.
2026-09-23 20:30:31,922 [ERROR] LogOutputStream:74 - [STDERR_REDIRECT] 
2026-09-23 20:30:32,919 [ERROR] LogOutputStream:74 - [STDERR_REDIRECT] [Fatal Error] :1:1: Premature end of file.
2026-09-23 20:30:32,919 [ERROR] LogOutputStream:74 - [STDERR_REDIRECT] 
2026-09-23 20:30:33,915 [ERROR] LogOutputStream:74 - [STDERR_REDIRECT] [Fatal Error] :1:1: Premature end of file.
2026-09-23 20:30:33,915 [ERROR] LogOutputStream:74 - [STDERR_REDIRECT] 
2026-09-23 20:30:34,915 [ERROR] LogOutputStream:74 - [STDERR_REDIRECT] [Fatal Error] :1:1: Premature end of file.
2026-09-23 20:30:34,915 [ERROR] LogOutputStream:74 - [STDERR_REDIRECT] 
2026-09-23 20:30:35,922 [ERROR] LogOutputStream:74 - [STDERR_REDIRECT] [Fatal Error] :1:1: Premature end of file.
2026-09-23 20:30:35,922 [ERROR] LogOutputStream:74 - [STDERR_REDIRECT] 
2026-09-23 20:30:36,918 [ERROR] LogOutputStream:74 - [STDERR_REDIRECT] [Fatal Error] :1:1: Premature end of file.
2026-09-23 20:30:36,918 [ERROR] LogOutputStream:74 - [STDERR_REDIRECT] 
2026-09-23 20:30:37,915 [ERROR] LogOutputStream:74 - [STDERR_REDIRECT] [Fatal Error] :1:1: Premature end of file.
2026-09-23 20:30:37,915 [ERROR] LogOutputStream:74 - [STDERR_REDIRECT] 
2026-09-23 20:30:38,911 [ERROR] LogOutputStream:74 - [STDERR_REDIRECT] [Fatal Error] :1:1: Premature end of file.
2026-09-23 20:30:38,911 [ERROR] LogOutputStream:74 - [STDERR_REDIRECT] 
2026-09-23 20:30:39,926 [ERROR] LogOutputStream:74 - [STDERR_REDIRECT] [Fatal Error] :1:1: Premature end of file.
2026-09-23 20:30:39,926 [ERROR] LogOutputStream:74 - [STDERR_REDIRECT] 
2026-09-23 20:30:40,928 [ERROR] LogOutputStream:74 - [STDERR_REDIRECT] [Fatal Error] :1:1: Premature end of file.
2026-09-23 20:30:40,928 [ERROR] LogOutputStream:74 - [STDERR_REDIRECT] 
2026-09-23 20:30:41,944 [ERROR] LogOutputStream:74 - [STDERR_REDIRECT] [Fatal Error] :1:1: Premature end of file.
2026-09-23 20:30:41,946 [ERROR] LogOutputStream:74 - [STDERR_REDIRECT] 
2026-09-23 20:30:42,928 [ERROR] LogOutputStream:74 - [STDERR_REDIRECT] [Fatal Error] :1:1: Premature end of file.
2026-09-23 20:30:42,929 [ERROR] LogOutputStream:74 - [STDERR_REDIRECT] 
2026-09-23 20:30:43,964 [ERROR] LogOutputStream:74 - [STDERR_REDIRECT] [Fatal Error] :1:1: Premature end of file.
2026-09-23 20:30:43,966 [ERROR] LogOutputStream:74 - [STDERR_REDIRECT] 
2026-09-23 20:30:44,912 [ERROR] LogOutputStream:74 - [STDERR_REDIRECT] [Fatal Error] :1:1: Premature end of file.
2026-09-23 20:30:44,912 [ERROR] LogOutputStream:74 - [STDERR_REDIRECT] 
2026-09-23 20:30:45,925 [ERROR] LogOutputStream:74 - [STDERR_REDIRECT] [Fatal Error] :1:1: Premature end of file.
2026-09-23 20:30:45,925 [ERROR] LogOutputStream:74 - [STDERR_REDIRECT] 
2026-09-23 20:30:46,949 [ERROR] LogOutputStream:74 - [STDERR_REDIRECT] [Fatal Error] :1:1: Premature end of file.
2026-09-23 20:30:46,950 [ERROR] LogOutputStream:74 - [STDERR_REDIRECT] 
2026-09-23 20:30:47,941 [ERROR] LogOutputStream:74 - [STDERR_REDIRECT] [Fatal Error] :1:1: Premature end of file.
2026-09-23 20:30:47,941 [ERROR] LogOutputStream:74 - [STDERR_REDIRECT] 
2026-09-23 20:30:48,917 [ERROR] LogOutputStream:74 - [STDERR_REDIRECT] [Fatal Error] :1:1: Premature end of file.
2026-09-23 20:30:48,917 [ERROR] LogOutputStream:74 - [STDERR_REDIRECT] 
2026-09-23 20:30:49,920 [ERROR] LogOutputStream:74 - [STDERR_REDIRECT] [Fatal Error] :1:1: Premature end of file.
2026-09-23 20:30:49,920 [ERROR] LogOutputStream:74 - [STDERR_REDIRECT] 
2026-09-23 20:30:50,924 [ERROR] LogOutputStream:74 - [STDERR_REDIRECT] [Fatal Error] :1:1: Premature end of file.
2026-09-23 20:30:50,924 [ERROR] LogOutputStream:74 - [STDERR_REDIRECT] 
2026-09-23 20:30:51,921 [ERROR] LogOutputStream:74 - [STDERR_REDIRECT] [Fatal Error] :1:1: Premature end of file.
2026-09-23 20:30:51,921 [ERROR] LogOutputStream:74 - [STDERR_REDIRECT] 
2026-09-23 20:30:52,927 [ERROR] LogOutputStream:74 - [STDERR_REDIRECT] [Fatal Error] :1:1: Premature end of file.
2026-09-23 20:30:52,927 [ERROR] LogOutputStream:74 - [STDERR_REDIRECT] 
2026-09-23 20:30:53,919 [ERROR] LogOutputStream:74 - [STDERR_REDIRECT] [Fatal Error] :1:1: Premature end of file.
2026-09-23 20:30:53,919 [ERROR] LogOutputStream:74 - [STDERR_REDIRECT] 
2026-09-23 20:30:54,911 [ERROR] LogOutputStream:74 - [STDERR_REDIRECT] [Fatal Error] :1:1: Premature end of file.
2026-09-23 20:30:54,911 [ERROR] LogOutputStream:74 - [STDERR_REDIRECT] 
2026-09-23 20:30:55,926 [ERROR] LogOutputStream:74 - [STDERR_REDIRECT] [Fatal Error] :1:1: Premature end of file.
2026-09-23 20:30:55,926 [ERROR] LogOutputStream:74 - [STDERR_REDIRECT] 
2026-09-23 20:30:56,903 [ERROR] LogOutputStream:74 - [STDERR_REDIRECT] [Fatal Error] :1:1: Premature end of file.
2026-09-23 20:30:56,903 [ERROR] LogOutputStream:74 - [STDERR_REDIRECT] 
2026-09-23 20:30:57,916 [ERROR] LogOutputStream:74 - [STDERR_REDIRECT] [Fatal Error] :1:1: Premature end of file.
2026-09-23 20:30:57,916 [ERROR] LogOutputStream:74 - [STDERR_REDIRECT] 
2026-09-23 20:30:58,924 [ERROR] LogOutputStream:74 - [STDERR_REDIRECT] [Fatal Error] :1:1: Premature end of file.
2026-09-23 20:30:58,924 [ERROR] LogOutputStream:74 - [STDERR_REDIRECT] 
2026-09-23 20:30:59,920 [ERROR] LogOutputStream:74 - [STDERR_REDIRECT] [Fatal Error] :1:1: Premature end of file.
2026-09-23 20:30:59,920 [ERROR] LogOutputStream:74 - [STDERR_REDIRECT] 
2026-09-23 20:31:00,917 [ERROR] LogOutputStream:74 - [STDERR_REDIRECT] [Fatal Error] :1:1: Premature end of file.
2026-09-23 20:31:00,917 [ERROR] LogOutputStream:74 - [STDERR_REDIRECT] 
2026-09-23 20:31:01,924 [ERROR] LogOutputStream:74 - [STDERR_REDIRECT] [Fatal Error] :1:1: Premature end of file.
2026-09-23 20:31:01,924 [ERROR] LogOutputStream:74 - [STDERR_REDIRECT] 
2026-09-23 20:31:02,915 [ERROR] LogOutputStream:74 - [STDERR_REDIRECT] [Fatal Error] :1:1: Premature end of file.
2026-09-23 20:31:02,915 [ERROR] LogOutputStream:74 - [STDERR_REDIRECT] 
2026-09-23 20:31:03,923 [ERROR] LogOutputStream:74 - [STDERR_REDIRECT] [Fatal Error] :1:1: Premature end of file.
2026-09-23 20:31:03,923 [ERROR] LogOutputStream:74 - [STDERR_REDIRECT] 
2026-09-23 20:31:04,914 [ERROR] LogOutputStream:74 - [STDERR_REDIRECT] [Fatal Error] :1:1: Premature end of file.
2026-09-23 20:31:04,914 [ERROR] LogOutputStream:74 - [STDERR_REDIRECT] 
2026-09-23 20:31:05,925 [ERROR] LogOutputStream:74 - [STDERR_REDIRECT] [Fatal Error] :1:1: Premature end of file.
2026-09-23 20:31:05,925 [ERROR] LogOutputStream:74 - [STDERR_REDIRECT] 
2026-09-23 20:31:06,922 [ERROR] LogOutputStream:74 - [STDERR_REDIRECT] [Fatal Error] :1:1: Premature end of file.
2026-09-23 20:31:06,922 [ERROR] LogOutputStream:74 - [STDERR_REDIRECT] 
2026-09-23 20:31:07,919 [ERROR] LogOutputStream:74 - [STDERR_REDIRECT] [Fatal Error] :1:1: Premature end of file.
2026-09-23 20:31:07,919 [ERROR] LogOutputStream:74 - [STDERR_REDIRECT] 
2026-09-23 20:31:08,915 [ERROR] LogOutputStream:74 - [STDERR_REDIRECT] [Fatal Error] :1:1: Premature end of file.
2026-09-23 20:31:08,915 [ERROR] LogOutputStream:74 - [STDERR_REDIRECT] 
2026-09-23 20:31:09,937 [ERROR] LogOutputStream:74 - [STDERR_REDIRECT] [Fatal Error] :1:1: Premature end of file.
2026-09-23 20:31:09,937 [ERROR] LogOutputStream:74 - [STDERR_REDIRECT] 
2026-09-23 20:31:10,914 [ERROR] LogOutputStream:74 - [STDERR_REDIRECT] [Fatal Error] :1:1: Premature end of file.
2026-09-23 20:31:10,914 [ERROR] LogOutputStream:74 - [STDERR_REDIRECT] 
2026-09-23 20:31:11,924 [ERROR] LogOutputStream:74 - [STDERR_REDIRECT] [Fatal Error] :1:1: Premature end of file.
2026-09-23 20:31:11,924 [ERROR] LogOutputStream:74 - [STDERR_REDIRECT] 
2026-09-23 20:31:12,922 [ERROR] LogOutputStream:74 - [STDERR_REDIRECT] [Fatal Error] :1:1: Premature end of file.
2026-09-23 20:31:12,922 [ERROR] LogOutputStream:74 - [STDERR_REDIRECT] 
2026-09-23 20:31:13,924 [ERROR] LogOutputStream:74 - [STDERR_REDIRECT] [Fatal Error] :1:1: Premature end of file.
2026-09-23 20:31:13,924 [ERROR] LogOutputStream:74 - [STDERR_REDIRECT] 
2026-09-23 20:31:14,923 [ERROR] LogOutputStream:74 - [STDERR_REDIRECT] [Fatal Error] :1:1: Premature end of file.
2026-09-23 20:31:14,923 [ERROR] LogOutputStream:74 - [STDERR_REDIRECT] 
2026-09-23 20:31:15,912 [ERROR] LogOutputStream:74 - [STDERR_REDIRECT] [Fatal Error] :1:1: Premature end of file.
2026-09-23 20:31:15,912 [ERROR] LogOutputStream:74 - [STDERR_REDIRECT] 
2026-09-23 20:31:16,923 [ERROR] LogOutputStream:74 - [STDERR_REDIRECT] [Fatal Error] :1:1: Premature end of file.
2026-09-23 20:31:16,923 [ERROR] LogOutputStream:74 - [STDERR_REDIRECT] 
2026-09-23 20:31:17,921 [ERROR] LogOutputStream:74 - [STDERR_REDIRECT] [Fatal Error] :1:1: Premature end of file.
2026-09-23 20:31:17,921 [ERROR] LogOutputStream:74 - [STDERR_REDIRECT] 
2026-09-23 20:31:18,917 [ERROR] LogOutputStream:74 - [STDERR_REDIRECT] [Fatal Error] :1:1: Premature end of file.
2026-09-23 20:31:18,917 [ERROR] LogOutputStream:74 - [STDERR_REDIRECT] 
2026-09-23 20:31:19,916 [ERROR] LogOutputStream:74 - [STDERR_REDIRECT] [Fatal Error] :1:1: Premature end of file.
2026-09-23 20:31:19,916 [ERROR] LogOutputStream:74 - [STDERR_REDIRECT] 
2026-09-23 20:31:20,924 [ERROR] LogOutputStream:74 - [STDERR_REDIRECT] [Fatal Error] :1:1: Premature end of file.
2026-09-23 20:31:20,924 [ERROR] LogOutputStream:74 - [STDERR_REDIRECT] 
2026-09-23 20:31:21,923 [ERROR] LogOutputStream:74 - [STDERR_REDIRECT] [Fatal Error] :1:1: Premature end of file.
2026-09-23 20:31:21,923 [ERROR] LogOutputStream:74 - [STDERR_REDIRECT] 
2026-09-23 20:31:22,919 [ERROR] LogOutputStream:74 - [STDERR_REDIRECT] [Fatal Error] :1:1: Premature end of file.
2026-09-23 20:31:22,919 [ERROR] LogOutputStream:74 - [STDERR_REDIRECT] 
2026-09-23 20:31:23,912 [ERROR] LogOutputStream:74 - [STDERR_REDIRECT] [Fatal Error] :1:1: Premature end of file.
2026-09-23 20:31:23,912 [ERROR] LogOutputStream:74 - [STDERR_REDIRECT] 
2026-09-23 20:31:24,913 [ERROR] LogOutputStream:74 - [STDERR_REDIRECT] [Fatal Error] :1:1: Premature end of file.
2026-09-23 20:31:24,913 [ERROR] LogOutputStream:74 - [STDERR_REDIRECT] 
2026-09-23 20:31:25,917 [ERROR] LogOutputStream:74 - [STDERR_REDIRECT] [Fatal Error] :1:1: Premature end of file.
2026-09-23 20:31:25,917 [ERROR] LogOutputStream:74 - [STDERR_REDIRECT] 
2026-09-23 20:31:26,925 [ERROR] LogOutputStream:74 - [STDERR_REDIRECT] [Fatal Error] :1:1: Premature end of file.
2026-09-23 20:31:26,925 [ERROR] LogOutputStream:74 - [STDERR_REDIRECT] 
2026-09-23 20:31:27,918 [ERROR] LogOutputStream:74 - [STDERR_REDIRECT] [Fatal Error] :1:1: Premature end of file.
2026-09-23 20:31:27,918 [ERROR] LogOutputStream:74 - [STDERR_REDIRECT] 
2026-09-23 20:31:28,913 [ERROR] LogOutputStream:74 - [STDERR_REDIRECT] [Fatal Error] :1:1: Premature end of file.
2026-09-23 20:31:28,913 [ERROR] LogOutputStream:74 - [STDERR_REDIRECT] 
2026-09-23 20:31:29,921 [ERROR] LogOutputStream:74 - [STDERR_REDIRECT] [Fatal Error] :1:1: Premature end of file.
2026-09-23 20:31:29,921 [ERROR] LogOutputStream:74 - [STDERR_REDIRECT] 
2026-09-23 20:31:30,925 [ERROR] LogOutputStream:74 - [STDERR_REDIRECT] [Fatal Error] :1:1: Premature end of file.
2026-09-23 20:31:30,925 [ERROR] LogOutputStream:74 - [STDERR_REDIRECT] 
2026-09-23 20:31:31,942 [ERROR] LogOutputStream:74 - [STDERR_REDIRECT] [Fatal Error] :1:1: Premature end of file.
2026-09-23 20:31:31,942 [ERROR] LogOutputStream:74 - [STDERR_REDIRECT] 
2026-09-23 20:31:32,958 [ERROR] LogOutputStream:74 - [STDERR_REDIRECT] [Fatal Error] :1:1: Premature end of file.
2026-09-23 20:31:32,960 [ERROR] LogOutputStream:74 - [STDERR_REDIRECT] 
2026-09-23 20:31:33,926 [ERROR] LogOutputStream:74 - [STDERR_REDIRECT] [Fatal Error] :1:1: Premature end of file.
2026-09-23 20:31:33,926 [ERROR] LogOutputStream:74 - [STDERR_REDIRECT] 
2026-09-23 20:31:34,925 [ERROR] LogOutputStream:74 - [STDERR_REDIRECT] [Fatal Error] :1:1: Premature end of file.
2026-09-23 20:31:34,925 [ERROR] LogOutputStream:74 - [STDERR_REDIRECT] 
2026-09-23 20:31:35,927 [ERROR] LogOutputStream:74 - [STDERR_REDIRECT] [Fatal Error] :1:1: Premature end of file.
2026-09-23 20:31:35,927 [ERROR] LogOutputStream:74 - [STDERR_REDIRECT] 
2026-09-23 20:31:36,929 [ERROR] LogOutputStream:74 - [STDERR_REDIRECT] [Fatal Error] :1:1: Premature end of file.
2026-09-23 20:31:36,930 [ERROR] LogOutputStream:74 - [STDERR_REDIRECT] 
2026-09-23 20:31:37,941 [ERROR] LogOutputStream:74 - [STDERR_REDIRECT] [Fatal Error] :1:1: Premature end of file.
2026-09-23 20:31:37,941 [ERROR] LogOutputStream:74 - [STDERR_REDIRECT] 
2026-09-23 20:31:38,925 [ERROR] LogOutputStream:74 - [STDERR_REDIRECT] [Fatal Error] :1:1: Premature end of file.
2026-09-23 20:31:38,925 [ERROR] LogOutputStream:74 - [STDERR_REDIRECT] 
2026-09-23 20:31:39,918 [ERROR] LogOutputStream:74 - [STDERR_REDIRECT] [Fatal Error] :1:1: Premature end of file.
2026-09-23 20:31:39,919 [ERROR] LogOutputStream:74 - [STDERR_REDIRECT] 
2026-09-23 20:31:40,924 [ERROR] LogOutputStream:74 - [STDERR_REDIRECT] [Fatal Error] :1:1: Premature end of file.
2026-09-23 20:31:40,924 [ERROR] LogOutputStream:74 - [STDERR_REDIRECT] 
2026-09-23 20:31:41,931 [ERROR] LogOutputStream:74 - [STDERR_REDIRECT] [Fatal Error] :1:1: Premature end of file.
2026-09-23 20:31:41,931 [ERROR] LogOutputStream:74 - [STDERR_REDIRECT] 
2026-09-23 20:31:42,924 [ERROR] LogOutputStream:74 - [STDERR_REDIRECT] [Fatal Error] :1:1: Premature end of file.
2026-09-23 20:31:42,924 [ERROR] LogOutputStream:74 - [STDERR_REDIRECT] 
2026-09-23 20:31:43,947 [ERROR] LogOutputStream:74 - [STDERR_REDIRECT] [Fatal Error] :1:1: Premature end of file.
2026-09-23 20:31:43,948 [ERROR] LogOutputStream:74 - [STDERR_REDIRECT] 
2026-09-23 20:31:44,924 [ERROR] LogOutputStream:74 - [STDERR_REDIRECT] [Fatal Error] :1:1: Premature end of file.
2026-09-23 20:31:44,924 [ERROR] LogOutputStream:74 - [STDERR_REDIRECT] 
2026-09-23 20:31:45,923 [ERROR] LogOutputStream:74 - [STDERR_REDIRECT] [Fatal Error] :1:1: Premature end of file.
2026-09-23 20:31:45,923 [ERROR] LogOutputStream:74 - [STDERR_REDIRECT] 
2026-09-23 20:31:46,923 [ERROR] LogOutputStream:74 - [STDERR_REDIRECT] [Fatal Error] :1:1: Premature end of file.
2026-09-23 20:31:46,923 [ERROR] LogOutputStream:74 - [STDERR_REDIRECT] 
2026-09-23 20:31:47,923 [ERROR] LogOutputStream:74 - [STDERR_REDIRECT] [Fatal Error] :1:1: Premature end of file.
2026-09-23 20:31:47,923 [ERROR] LogOutputStream:74 - [STDERR_REDIRECT] 
2026-09-23 20:31:48,925 [ERROR] LogOutputStream:74 - [STDERR_REDIRECT] [Fatal Error] :1:1: Premature end of file.
2026-09-23 20:31:48,925 [ERROR] LogOutputStream:74 - [STDERR_REDIRECT] 
2026-09-23 20:31:49,924 [ERROR] LogOutputStream:74 - [STDERR_REDIRECT] [Fatal Error] :1:1: Premature end of file.
2026-09-23 20:31:49,924 [ERROR] LogOutputStream:74 - [STDERR_REDIRECT] 
2026-09-23 20:31:50,925 [ERROR] LogOutputStream:74 - [STDERR_REDIRECT] [Fatal Error] :1:1: Premature end of file.
2026-09-23 20:31:50,925 [ERROR] LogOutputStream:74 - [STDERR_REDIRECT] 
2026-09-23 20:31:51,928 [ERROR] LogOutputStream:74 - [STDERR_REDIRECT] [Fatal Error] :1:1: Premature end of file.
2026-09-23 20:31:51,928 [ERROR] LogOutputStream:74 - [STDERR_REDIRECT] 
2026-09-23 20:31:52,927 [ERROR] LogOutputStream:74 - [STDERR_REDIRECT] [Fatal Error] :1:1: Premature end of file.
2026-09-23 20:31:52,927 [ERROR] LogOutputStream:74 - [STDERR_REDIRECT] 
2026-09-23 20:31:53,947 [ERROR] LogOutputStream:74 - [STDERR_REDIRECT] [Fatal Error] :1:1: Premature end of file.
2026-09-23 20:31:53,948 [ERROR] LogOutputStream:74 - [STDERR_REDIRECT] 
2026-09-23 20:31:54,923 [ERROR] LogOutputStream:74 - [STDERR_REDIRECT] [Fatal Error] :1:1: Premature end of file.
2026-09-23 20:31:54,923 [ERROR] LogOutputStream:74 - [STDERR_REDIRECT] 
2026-09-23 20:31:55,924 [ERROR] LogOutputStream:74 - [STDERR_REDIRECT] [Fatal Error] :1:1: Premature end of file.
2026-09-23 20:31:55,924 [ERROR] LogOutputStream:74 - [STDERR_REDIRECT] 
2026-09-23 20:31:56,923 [ERROR] LogOutputStream:74 - [STDERR_REDIRECT] [Fatal Error] :1:1: Premature end of file.
2026-09-23 20:31:56,923 [ERROR] LogOutputStream:74 - [STDERR_REDIRECT] 
2026-09-23 20:31:57,923 [ERROR] LogOutputStream:74 - [STDERR_REDIRECT] [Fatal Error] :1:1: Premature end of file.
2026-09-23 20:31:57,923 [ERROR] LogOutputStream:74 - [STDERR_REDIRECT] 
2026-09-23 20:31:58,923 [ERROR] LogOutputStream:74 - [STDERR_REDIRECT] [Fatal Error] :1:1: Premature end of file.
2026-09-23 20:31:58,924 [ERROR] LogOutputStream:74 - [STDERR_REDIRECT] 
2026-09-23 20:31:59,926 [ERROR] LogOutputStream:74 - [STDERR_REDIRECT] [Fatal Error] :1:1: Premature end of file.
2026-09-23 20:31:59,926 [ERROR] LogOutputStream:74 - [STDERR_REDIRECT] 
2026-09-23 20:32:00,923 [ERROR] LogOutputStream:74 - [STDERR_REDIRECT] [Fatal Error] :1:1: Premature end of file.
2026-09-23 20:32:00,923 [ERROR] LogOutputStream:74 - [STDERR_REDIRECT] 
2026-09-23 20:32:01,923 [ERROR] LogOutputStream:74 - [STDERR_REDIRECT] [Fatal Error] :1:1: Premature end of file.
2026-09-23 20:32:01,923 [ERROR] LogOutputStream:74 - [STDERR_REDIRECT] 
2026-09-23 20:32:02,922 [ERROR] LogOutputStream:74 - [STDERR_REDIRECT] [Fatal Error] :1:1: Premature end of file.
2026-09-23 20:32:02,922 [ERROR] LogOutputStream:74 - [STDERR_REDIRECT] 
2026-09-23 20:32:03,922 [ERROR] LogOutputStream:74 - [STDERR_REDIRECT] [Fatal Error] :1:1: Premature end of file.
2026-09-23 20:32:03,922 [ERROR] LogOutputStream:74 - [STDERR_REDIRECT] 
2026-09-23 20:32:04,928 [ERROR] LogOutputStream:74 - [STDERR_REDIRECT] [Fatal Error] :1:1: Premature end of file.
2026-09-23 20:32:04,928 [ERROR] LogOutputStream:74 - [STDERR_REDIRECT] 
2026-09-23 20:32:05,905 [ERROR] LogOutputStream:74 - [STDERR_REDIRECT] [Fatal Error] :1:1: Premature end of file.
2026-09-23 20:32:05,905 [ERROR] LogOutputStream:74 - [STDERR_REDIRECT] 
2026-09-23 20:32:06,918 [ERROR] LogOutputStream:74 - [STDERR_REDIRECT] [Fatal Error] :1:1: Premature end of file.
2026-09-23 20:32:06,918 [ERROR] LogOutputStream:74 - [STDERR_REDIRECT] 
2026-09-23 20:32:07,911 [ERROR] LogOutputStream:74 - [STDERR_REDIRECT] [Fatal Error] :1:1: Premature end of file.
2026-09-23 20:32:07,911 [ERROR] LogOutputStream:74 - [STDERR_REDIRECT] 
2026-09-23 20:32:08,917 [ERROR] LogOutputStream:74 - [STDERR_REDIRECT] [Fatal Error] :1:1: Premature end of file.
2026-09-23 20:32:08,917 [ERROR] LogOutputStream:74 - [STDERR_REDIRECT] 
2026-09-23 20:32:09,897 [ERROR] LogOutputStream:74 - [STDERR_REDIRECT] [Fatal Error] :1:1: Premature end of file.
2026-09-23 20:32:09,913 [ERROR] LogOutputStream:74 - [STDERR_REDIRECT] 
2026-09-23 20:32:10,934 [ERROR] LogOutputStream:74 - [STDERR_REDIRECT] [Fatal Error] :1:1: Premature end of file.
2026-09-23 20:32:10,934 [ERROR] LogOutputStream:74 - [STDERR_REDIRECT] 
2026-09-23 20:32:11,912 [ERROR] LogOutputStream:74 - [STDERR_REDIRECT] [Fatal Error] :1:1: Premature end of file.
2026-09-23 20:32:11,912 [ERROR] LogOutputStream:74 - [STDERR_REDIRECT] 
2026-09-23 20:32:12,939 [ERROR] LogOutputStream:74 - [STDERR_REDIRECT] [Fatal Error] :1:1: Premature end of file.
2026-09-23 20:32:12,939 [ERROR] LogOutputStream:74 - [STDERR_REDIRECT] 
2026-09-23 20:32:13,918 [ERROR] LogOutputStream:74 - [STDERR_REDIRECT] [Fatal Error] :1:1: Premature end of file.
2026-09-23 20:32:13,918 [ERROR] LogOutputStream:74 - [STDERR_REDIRECT] 
2026-09-23 20:32:14,914 [ERROR] LogOutputStream:74 - [STDERR_REDIRECT] [Fatal Error] :1:1: Premature end of file.
2026-09-23 20:32:14,914 [ERROR] LogOutputStream:74 - [STDERR_REDIRECT] 
2026-09-23 20:32:15,921 [ERROR] LogOutputStream:74 - [STDERR_REDIRECT] [Fatal Error] :1:1: Premature end of file.
2026-09-23 20:32:15,921 [ERROR] LogOutputStream:74 - [STDERR_REDIRECT] 
2026-09-23 20:32:16,969 [ERROR] LogOutputStream:74 - [STDERR_REDIRECT] [Fatal Error] :1:1: Premature end of file.
2026-09-23 20:32:16,969 [ERROR] LogOutputStream:74 - [STDERR_REDIRECT] 
2026-09-23 20:32:17,929 [ERROR] LogOutputStream:74 - [STDERR_REDIRECT] [Fatal Error] :1:1: Premature end of file.
2026-09-23 20:32:17,929 [ERROR] LogOutputStream:74 - [STDERR_REDIRECT] 
2026-09-23 20:32:18,915 [ERROR] LogOutputStream:74 - [STDERR_REDIRECT] [Fatal Error] :1:1: Premature end of file.
2026-09-23 20:32:18,916 [ERROR] LogOutputStream:74 - [STDERR_REDIRECT] 
2026-09-23 20:32:19,925 [ERROR] LogOutputStream:74 - [STDERR_REDIRECT] [Fatal Error] :1:1: Premature end of file.
2026-09-23 20:32:19,925 [ERROR] LogOutputStream:74 - [STDERR_REDIRECT] 
2026-09-23 20:32:20,921 [ERROR] LogOutputStream:74 - [STDERR_REDIRECT] [Fatal Error] :1:1: Premature end of file.
2026-09-23 20:32:20,921 [ERROR] LogOutputStream:74 - [STDERR_REDIRECT] 
2026-09-23 20:32:21,916 [ERROR] LogOutputStream:74 - [STDERR_REDIRECT] [Fatal Error] :1:1: Premature end of file.
2026-09-23 20:32:21,916 [ERROR] LogOutputStream:74 - [STDERR_REDIRECT] 
2026-09-23 20:32:22,914 [ERROR] LogOutputStream:74 - [STDERR_REDIRECT] [Fatal Error] :1:1: Premature end of file.
2026-09-23 20:32:22,914 [ERROR] LogOutputStream:74 - [STDERR_REDIRECT] 
2026-09-23 20:32:23,925 [ERROR] LogOutputStream:74 - [STDERR_REDIRECT] [Fatal Error] :1:1: Premature end of file.
2026-09-23 20:32:23,925 [ERROR] LogOutputStream:74 - [STDERR_REDIRECT] 
2026-09-23 20:32:24,921 [ERROR] LogOutputStream:74 - [STDERR_REDIRECT] [Fatal Error] :1:1: Premature end of file.
2026-09-23 20:32:24,921 [ERROR] LogOutputStream:74 - [STDERR_REDIRECT] 
2026-09-23 20:32:25,913 [ERROR] LogOutputStream:74 - [STDERR_REDIRECT] [Fatal Error] :1:1: Premature end of file.
2026-09-23 20:32:25,913 [ERROR] LogOutputStream:74 - [STDERR_REDIRECT] 
2026-09-23 20:32:26,927 [ERROR] LogOutputStream:74 - [STDERR_REDIRECT] [Fatal Error] :1:1: Premature end of file.
2026-09-23 20:32:26,927 [ERROR] LogOutputStream:74 - [STDERR_REDIRECT] 
2026-09-23 20:32:27,923 [ERROR] LogOutputStream:74 - [STDERR_REDIRECT] [Fatal Error] :1:1: Premature end of file.
2026-09-23 20:32:27,931 [ERROR] LogOutputStream:74 - [STDERR_REDIRECT] 
2026-09-23 20:32:28,921 [ERROR] LogOutputStream:74 - [STDERR_REDIRECT] [Fatal Error] :1:1: Premature end of file.
2026-09-23 20:32:28,921 [ERROR] LogOutputStream:74 - [STDERR_REDIRECT] 
2026-09-23 20:32:29,923 [ERROR] LogOutputStream:74 - [STDERR_REDIRECT] [Fatal Error] :1:1: Premature end of file.
2026-09-23 20:32:29,923 [ERROR] LogOutputStream:74 - [STDERR_REDIRECT] 
2026-09-23 20:32:30,928 [ERROR] LogOutputStream:74 - [STDERR_REDIRECT] [Fatal Error] :1:1: Premature end of file.
2026-09-23 20:32:30,928 [ERROR] LogOutputStream:74 - [STDERR_REDIRECT] 
2026-09-23 20:32:31,915 [ERROR] LogOutputStream:74 - [STDERR_REDIRECT] [Fatal Error] :1:1: Premature end of file.
2026-09-23 20:32:31,915 [ERROR] LogOutputStream:74 - [STDERR_REDIRECT] 
2026-09-23 20:32:32,928 [ERROR] LogOutputStream:74 - [STDERR_REDIRECT] [Fatal Error] :1:1: Premature end of file.
2026-09-23 20:32:32,928 [ERROR] LogOutputStream:74 - [STDERR_REDIRECT] 
2026-09-23 20:32:33,920 [ERROR] LogOutputStream:74 - [STDERR_REDIRECT] [Fatal Error] :1:1: Premature end of file.
2026-09-23 20:32:33,920 [ERROR] LogOutputStream:74 - [STDERR_REDIRECT] 
2026-09-23 20:32:34,911 [ERROR] LogOutputStream:74 - [STDERR_REDIRECT] [Fatal Error] :1:1: Premature end of file.
2026-09-23 20:32:34,911 [ERROR] LogOutputStream:74 - [STDERR_REDIRECT] 
2026-09-23 20:32:35,918 [ERROR] LogOutputStream:74 - [STDERR_REDIRECT] [Fatal Error] :1:1: Premature end of file.
2026-09-23 20:32:35,918 [ERROR] LogOutputStream:74 - [STDERR_REDIRECT] 
2026-09-23 20:32:36,921 [ERROR] LogOutputStream:74 - [STDERR_REDIRECT] [Fatal Error] :1:1: Premature end of file.
2026-09-23 20:32:36,921 [ERROR] LogOutputStream:74 - [STDERR_REDIRECT] 
2026-09-23 20:32:37,939 [ERROR] LogOutputStream:74 - [STDERR_REDIRECT] [Fatal Error] :1:1: Premature end of file.
2026-09-23 20:32:37,942 [ERROR] LogOutputStream:74 - [STDERR_REDIRECT] 
2026-09-23 20:32:38,916 [ERROR] LogOutputStream:74 - [STDERR_REDIRECT] [Fatal Error] :1:1: Premature end of file.
2026-09-23 20:32:38,916 [ERROR] LogOutputStream:74 - [STDERR_REDIRECT] 
2026-09-23 20:32:39,920 [ERROR] LogOutputStream:74 - [STDERR_REDIRECT] [Fatal Error] :1:1: Premature end of file.
2026-09-23 20:32:39,920 [ERROR] LogOutputStream:74 - [STDERR_REDIRECT] 
2026-09-23 20:32:40,954 [ERROR] LogOutputStream:74 - [STDERR_REDIRECT] [Fatal Error] :1:1: Premature end of file.
2026-09-23 20:32:40,954 [ERROR] LogOutputStream:74 - [STDERR_REDIRECT] 
2026-09-23 20:32:41,956 [ERROR] LogOutputStream:74 - [STDERR_REDIRECT] [Fatal Error] :1:1: Premature end of file.
2026-09-23 20:32:41,956 [ERROR] LogOutputStream:74 - [STDERR_REDIRECT] 
2026-09-23 20:32:42,957 [ERROR] LogOutputStream:74 - [STDERR_REDIRECT] [Fatal Error] :1:1: Premature end of file.
2026-09-23 20:32:42,959 [ERROR] LogOutputStream:74 - [STDERR_REDIRECT] 
2026-09-23 20:32:44,162 [ERROR] LogOutputStream:74 - [STDERR_REDIRECT] [Fatal Error] :1:1: Premature end of file.
2026-09-23 20:32:44,164 [ERROR] LogOutputStream:74 - [STDERR_REDIRECT] 
2026-09-23 20:32:44,929 [ERROR] LogOutputStream:74 - [STDERR_REDIRECT] [Fatal Error] :1:1: Premature end of file.
2026-09-23 20:32:44,929 [ERROR] LogOutputStream:74 - [STDERR_REDIRECT] 
2026-09-23 20:32:45,920 [ERROR] LogOutputStream:74 - [STDERR_REDIRECT] [Fatal Error] :1:1: Premature end of file.
2026-09-23 20:32:45,920 [ERROR] LogOutputStream:74 - [STDERR_REDIRECT] 
2026-09-23 20:32:46,920 [ERROR] LogOutputStream:74 - [STDERR_REDIRECT] [Fatal Error] :1:1: Premature end of file.
2026-09-23 20:32:46,920 [ERROR] LogOutputStream:74 - [STDERR_REDIRECT] 
2026-09-23 20:32:47,926 [ERROR] LogOutputStream:74 - [STDERR_REDIRECT] [Fatal Error] :1:1: Premature end of file.
2026-09-23 20:32:47,926 [ERROR] LogOutputStream:74 - [STDERR_REDIRECT] 
2026-09-23 20:32:48,926 [ERROR] LogOutputStream:74 - [STDERR_REDIRECT] [Fatal Error] :1:1: Premature end of file.
2026-09-23 20:32:48,926 [ERROR] LogOutputStream:74 - [STDERR_REDIRECT] 
2026-09-23 20:32:49,919 [ERROR] LogOutputStream:74 - [STDERR_REDIRECT] [Fatal Error] :1:1: Premature end of file.
2026-09-23 20:32:49,919 [ERROR] LogOutputStream:74 - [STDERR_REDIRECT] 
2026-09-23 20:32:50,924 [ERROR] LogOutputStream:74 - [STDERR_REDIRECT] [Fatal Error] :1:1: Premature end of file.
2026-09-23 20:32:50,924 [ERROR] LogOutputStream:74 - [STDERR_REDIRECT] 
2026-09-23 20:32:51,918 [ERROR] LogOutputStream:74 - [STDERR_REDIRECT] [Fatal Error] :1:1: Premature end of file.
2026-09-23 20:32:51,918 [ERROR] LogOutputStream:74 - [STDERR_REDIRECT] 
2026-09-23 20:32:52,930 [ERROR] LogOutputStream:74 - [STDERR_REDIRECT] [Fatal Error] :1:1: Premature end of file.
2026-09-23 20:32:52,930 [ERROR] LogOutputStream:74 - [STDERR_REDIRECT] 
2026-09-23 20:32:53,919 [ERROR] LogOutputStream:74 - [STDERR_REDIRECT] [Fatal Error] :1:1: Premature end of file.
2026-09-23 20:32:53,919 [ERROR] LogOutputStream:74 - [STDERR_REDIRECT] 
2026-09-23 20:32:54,925 [ERROR] LogOutputStream:74 - [STDERR_REDIRECT] [Fatal Error] :1:1: Premature end of file.
2026-09-23 20:32:54,925 [ERROR] LogOutputStream:74 - [STDERR_REDIRECT] 
2026-09-23 20:32:55,926 [ERROR] LogOutputStream:74 - [STDERR_REDIRECT] [Fatal Error] :1:1: Premature end of file.
2026-09-23 20:32:55,927 [ERROR] LogOutputStream:74 - [STDERR_REDIRECT] 
2026-09-23 20:32:56,919 [ERROR] LogOutputStream:74 - [STDERR_REDIRECT] [Fatal Error] :1:1: Premature end of file.
2026-09-23 20:32:56,919 [ERROR] LogOutputStream:74 - [STDERR_REDIRECT] 
2026-09-23 20:32:57,919 [ERROR] LogOutputStream:74 - [STDERR_REDIRECT] [Fatal Error] :1:1: Premature end of file.
2026-09-23 20:32:57,919 [ERROR] LogOutputStream:74 - [STDERR_REDIRECT] 
2026-09-23 20:32:58,924 [ERROR] LogOutputStream:74 - [STDERR_REDIRECT] [Fatal Error] :1:1: Premature end of file.
2026-09-23 20:32:58,925 [ERROR] LogOutputStream:74 - [STDERR_REDIRECT] 
2026-09-23 20:32:59,919 [ERROR] LogOutputStream:74 - [STDERR_REDIRECT] [Fatal Error] :1:1: Premature end of file.
2026-09-23 20:32:59,919 [ERROR] LogOutputStream:74 - [STDERR_REDIRECT] 
2026-09-23 20:33:00,925 [ERROR] LogOutputStream:74 - [STDERR_REDIRECT] [Fatal Error] :1:1: Premature end of file.
2026-09-23 20:33:00,925 [ERROR] LogOutputStream:74 - [STDERR_REDIRECT] 
2026-09-23 20:33:01,941 [ERROR] LogOutputStream:74 - [STDERR_REDIRECT] [Fatal Error] :1:1: Premature end of file.
2026-09-23 20:33:01,941 [ERROR] LogOutputStream:74 - [STDERR_REDIRECT] 
2026-09-23 20:33:02,914 [ERROR] LogOutputStream:74 - [STDERR_REDIRECT] [Fatal Error] :1:1: Premature end of file.
2026-09-23 20:33:02,914 [ERROR] LogOutputStream:74 - [STDERR_REDIRECT] 
2026-09-23 20:33:03,928 [ERROR] LogOutputStream:74 - [STDERR_REDIRECT] [Fatal Error] :1:1: Premature end of file.
2026-09-23 20:33:03,928 [ERROR] LogOutputStream:74 - [STDERR_REDIRECT] 
2026-09-23 20:33:04,923 [ERROR] LogOutputStream:74 - [STDERR_REDIRECT] [Fatal Error] :1:1: Premature end of file.
2026-09-23 20:33:04,923 [ERROR] LogOutputStream:74 - [STDERR_REDIRECT] 
2026-09-23 20:33:05,921 [ERROR] LogOutputStream:74 - [STDERR_REDIRECT] [Fatal Error] :1:1: Premature end of file.
2026-09-23 20:33:05,921 [ERROR] LogOutputStream:74 - [STDERR_REDIRECT] 
2026-09-23 20:33:06,899 [ERROR] LogOutputStream:74 - [STDERR_REDIRECT] [Fatal Error] :1:1: Premature end of file.
2026-09-23 20:33:06,899 [ERROR] LogOutputStream:74 - [STDERR_REDIRECT] 
2026-09-23 20:33:07,926 [ERROR] LogOutputStream:74 - [STDERR_REDIRECT] [Fatal Error] :1:1: Premature end of file.
2026-09-23 20:33:07,931 [ERROR] LogOutputStream:74 - [STDERR_REDIRECT] 
2026-09-23 20:33:08,925 [ERROR] LogOutputStream:74 - [STDERR_REDIRECT] [Fatal Error] :1:1: Premature end of file.
2026-09-23 20:33:08,925 [ERROR] LogOutputStream:74 - [STDERR_REDIRECT] 
2026-09-23 20:33:09,912 [ERROR] LogOutputStream:74 - [STDERR_REDIRECT] [Fatal Error] :1:1: Premature end of file.
2026-09-23 20:33:09,912 [ERROR] LogOutputStream:74 - [STDERR_REDIRECT] 
2026-09-23 20:33:10,919 [ERROR] LogOutputStream:74 - [STDERR_REDIRECT] [Fatal Error] :1:1: Premature end of file.
2026-09-23 20:33:10,919 [ERROR] LogOutputStream:74 - [STDERR_REDIRECT] 
2026-09-23 20:33:11,917 [ERROR] LogOutputStream:74 - [STDERR_REDIRECT] [Fatal Error] :1:1: Premature end of file.
2026-09-23 20:33:11,917 [ERROR] LogOutputStream:74 - [STDERR_REDIRECT] 
2026-09-23 20:33:12,915 [ERROR] LogOutputStream:74 - [STDERR_REDIRECT] [Fatal Error] :1:1: Premature end of file.
2026-09-23 20:33:12,915 [ERROR] LogOutputStream:74 - [STDERR_REDIRECT] 
2026-09-23 20:33:13,916 [ERROR] LogOutputStream:74 - [STDERR_REDIRECT] [Fatal Error] :1:1: Premature end of file.
2026-09-23 20:33:13,916 [ERROR] LogOutputStream:74 - [STDERR_REDIRECT] 
2026-09-23 20:33:14,912 [ERROR] LogOutputStream:74 - [STDERR_REDIRECT] [Fatal Error] :1:1: Premature end of file.
2026-09-23 20:33:14,912 [ERROR] LogOutputStream:74 - [STDERR_REDIRECT] 
2026-09-23 20:33:15,916 [ERROR] LogOutputStream:74 - [STDERR_REDIRECT] [Fatal Error] :1:1: Premature end of file.
2026-09-23 20:33:15,916 [ERROR] LogOutputStream:74 - [STDERR_REDIRECT] 
2026-09-23 20:33:16,920 [ERROR] LogOutputStream:74 - [STDERR_REDIRECT] [Fatal Error] :1:1: Premature end of file.
2026-09-23 20:33:16,920 [ERROR] LogOutputStream:74 - [STDERR_REDIRECT] 
2026-09-23 20:33:17,915 [ERROR] LogOutputStream:74 - [STDERR_REDIRECT] [Fatal Error] :1:1: Premature end of file.
2026-09-23 20:33:17,915 [ERROR] LogOutputStream:74 - [STDERR_REDIRECT] 
2026-09-23 20:33:18,923 [ERROR] LogOutputStream:74 - [STDERR_REDIRECT] [Fatal Error] :1:1: Premature end of file.
2026-09-23 20:33:18,923 [ERROR] LogOutputStream:74 - [STDERR_REDIRECT] 
2026-09-23 20:33:19,922 [ERROR] LogOutputStream:74 - [STDERR_REDIRECT] [Fatal Error] :1:1: Premature end of file.
2026-09-23 20:33:19,922 [ERROR] LogOutputStream:74 - [STDERR_REDIRECT] 
2026-09-23 20:33:20,928 [ERROR] LogOutputStream:74 - [STDERR_REDIRECT] [Fatal Error] :1:1: Premature end of file.
2026-09-23 20:33:20,928 [ERROR] LogOutputStream:74 - [STDERR_REDIRECT] 
2026-09-23 20:33:21,923 [ERROR] LogOutputStream:74 - [STDERR_REDIRECT] [Fatal Error] :1:1: Premature end of file.
2026-09-23 20:33:21,923 [ERROR] LogOutputStream:74 - [STDERR_REDIRECT] 
2026-09-23 20:33:22,919 [ERROR] LogOutputStream:74 - [STDERR_REDIRECT] [Fatal Error] :1:1: Premature end of file.
2026-09-23 20:33:22,919 [ERROR] LogOutputStream:74 - [STDERR_REDIRECT] 
2026-09-23 20:33:23,913 [ERROR] LogOutputStream:74 - [STDERR_REDIRECT] [Fatal Error] :1:1: Premature end of file.
2026-09-23 20:33:23,913 [ERROR] LogOutputStream:74 - [STDERR_REDIRECT] 
2026-09-23 20:33:24,924 [ERROR] LogOutputStream:74 - [STDERR_REDIRECT] [Fatal Error] :1:1: Premature end of file.
2026-09-23 20:33:24,924 [ERROR] LogOutputStream:74 - [STDERR_REDIRECT] 
2026-09-23 20:33:25,931 [ERROR] LogOutputStream:74 - [STDERR_REDIRECT] [Fatal Error] :1:1: Premature end of file.
2026-09-23 20:33:25,931 [ERROR] LogOutputStream:74 - [STDERR_REDIRECT] 
2026-09-23 20:33:26,921 [ERROR] LogOutputStream:74 - [STDERR_REDIRECT] [Fatal Error] :1:1: Premature end of file.
2026-09-23 20:33:26,921 [ERROR] LogOutputStream:74 - [STDERR_REDIRECT] 
2026-09-23 20:33:27,917 [ERROR] LogOutputStream:74 - [STDERR_REDIRECT] [Fatal Error] :1:1: Premature end of file.
2026-09-23 20:33:27,917 [ERROR] LogOutputStream:74 - [STDERR_REDIRECT] 
2026-09-23 20:33:28,912 [ERROR] LogOutputStream:74 - [STDERR_REDIRECT] [Fatal Error] :1:1: Premature end of file.
2026-09-23 20:33:28,912 [ERROR] LogOutputStream:74 - [STDERR_REDIRECT] 
2026-09-23 20:33:29,929 [ERROR] LogOutputStream:74 - [STDERR_REDIRECT] [Fatal Error] :1:1: Premature end of file.
2026-09-23 20:33:29,929 [ERROR] LogOutputStream:74 - [STDERR_REDIRECT] 
2026-09-23 20:33:30,925 [ERROR] LogOutputStream:74 - [STDERR_REDIRECT] [Fatal Error] :1:1: Premature end of file.
2026-09-23 20:33:30,925 [ERROR] LogOutputStream:74 - [STDERR_REDIRECT] 
2026-09-23 20:33:31,916 [ERROR] LogOutputStream:74 - [STDERR_REDIRECT] [Fatal Error] :1:1: Premature end of file.
2026-09-23 20:33:31,916 [ERROR] LogOutputStream:74 - [STDERR_REDIRECT] 
2026-09-23 20:33:32,934 [ERROR] LogOutputStream:74 - [STDERR_REDIRECT] [Fatal Error] :1:1: Premature end of file.
2026-09-23 20:33:32,936 [ERROR] LogOutputStream:74 - [STDERR_REDIRECT] 
2026-09-23 20:33:33,916 [ERROR] LogOutputStream:74 - [STDERR_REDIRECT] [Fatal Error] :1:1: Premature end of file.
2026-09-23 20:33:33,916 [ERROR] LogOutputStream:74 - [STDERR_REDIRECT] 
